Date,Global_active_power,Global_intensity,Global_reactive_power,Sub_metering_1,Sub_metering_2,Sub_metering_3,Voltage
16/12/2006,2749.004,11400.4,148.166,0,352,5880,345785.73
17/12/2006,2759.738,11489.2,142.508,2461,2739,12355,347092.81
18/12/2006,1406.692,5975.8,112.668,765,3845,2803,349683.93
19/12/2006,1224.252,5093.4,165.336,2304,327,3558,349294.64
20/12/2006,1720.922,7306.2,146.734,1507,6622,5960,344505.48
21/12/2006,1872.364,7894.2,181.256,2249,5800,10808,347225.2
22/12/2006,1287.252,5452.8,185.416,950,602,9433,347802.51
23/12/2006,1504.82,6296.6,157.784,1752,724,11307,346754.85
24/12/2006,496.216,2067.8,85.046,0,293,1991,346951.3
25/12/2006,830.498,3781,113.672,0,344,1939,348206.74
26/12/2006,1843.168,7759.2,221.902,1970,470,12215,346930.8
27/12/2006,1383.18,5670.2,187.086,0,634,8746,354786.62
28/12/2006,3134.942,13235.8,288.892,9356,353,17847,345983.16
29/12/2006,1616.538,6852.2,118.678,1085,309,9013,350562.01
30/12/2006,1756.378,7312.8,141.874,0,354,10821,349391.74
31/12/2006,1824.76,7678.8,150.264,1170,386,13145,346164.68
1/1/2007,1534.652,6505.4,179.25,336,280,7241,346118.79
2/1/2007,1827.752,7656,152.394,3330,622,7494,352572.17
3/1/2007,1693.778,6995.2,124.784,1111,367,14623,350829.71
4/1/2007,517.564,2172.8,107.628,0,316,1980,347502.82
5/1/2007,1141.876,4719.8,105.158,0,1287,2724,344781.38
6/1/2007,2472.554,10412.2,189.494,11224,2741,8852,348681.21
7/1/2007,1298.728,5411.2,130.076,1785,471,7115,348224.8
8/1/2007,2785.952,11735.2,202.552,4629,5401,19509,345635.26
9/1/2007,2129.052,8931.6,170.396,1079,6657,14515,347926.76
10/1/2007,1641.14,6923.4,143.048,2807,2364,7309,349784.69
11/1/2007,1687.44,7025.8,144.464,1780,517,14393,348125.99
12/1/2007,1663.858,7305.6,181.608,4005,995,8546,337937.33
13/1/2007,576.014,2451.4,150.696,0,530,2586,347682.62
14/1/2007,1512.802,6370.8,190.462,1067,1052,11709,347433.25
15/1/2007,1320.158,5659,192.524,1984,4885,6751,346531.92
16/1/2007,1045.374,4514.4,143.42,0,483,7664,338865.21
17/1/2007,1848.876,7809.4,225.34,1906,545,11307,346497.38
18/1/2007,1443.26,6208.2,229.876,2789,461,11361,347521.14
19/1/2007,1268.964,5354.2,136.97,970,400,11858,346378
20/1/2007,1026.664,4436.2,172.448,969,736,4690,345696.7
21/1/2007,1215.24,5385.6,277.788,3465,587,8390,344938.02
22/1/2007,1218.342,5251.6,265.742,989,590,9747,348205.39
23/1/2007,1349.002,5834.8,288.452,877,921,7438,344612.47
24/1/2007,1064.496,4637.6,145.16,1583,0,9812,338444.73
25/1/2007,739.576,3352.2,252.704,586,1150,5091,345319.83
26/1/2007,706.966,3178.6,242.662,0,844,6248,347764.33
27/1/2007,555.664,2477.6,184.49,0,558,4263,345313.88
28/1/2007,1701.486,7294.2,289.846,2497,569,9733,344672.27
29/1/2007,1247.51,5374.8,184.486,950,521,10183,345478.91
30/1/2007,980.536,4311.4,217.072,0,697,6073,347358.39
31/1/2007,1593.318,6756,180.18,1947,1194,13990,347418.49
1/2/2007,2154.8,9155.2,228.452,771,4456,11012,347079.53
2/2/2007,1894.076,8056.2,120.504,1307,285,9992,346762.28
3/2/2007,2102.948,8768,161.734,2828,4288,12539,351533.5
4/2/2007,2508.466,10406,227.17,3564,2032,14108,351130.49
5/2/2007,1166.972,5023.6,132.752,1863,2117,3345,344766.47
6/2/2007,1518.338,6389,148.044,0,389,12046,345074.19
7/2/2007,2012.756,8535.2,255.622,4510,570,14811,345256.41
8/2/2007,1998.904,8522.2,327.446,3325,773,10297,346092.98
9/2/2007,2611.6,11098,237.652,3697,304,13767,344318.99
10/2/2007,2112.904,8948.6,156.726,1023,355,10387,345066.94
11/2/2007,1606.184,6693.4,167.302,1118,432,11788,349201.41
12/2/2007,1946.534,8232,153.472,1026,5858,13308,344282.07
13/2/2007,1758.754,7451.4,125.012,1102,278,8281,348341.52
14/2/2007,2233.66,9230.2,146.106,1128,4144,12149,350570.47
15/2/2007,2058.042,8599,223.664,2823,351,15435,348161.87
16/2/2007,2829.328,11957.4,192.974,5071,2831,14405,345653.03
17/2/2007,2184.714,9211.4,151.736,2562,2955,10128,347436.29
18/2/2007,1943.822,8041.2,115.832,1128,263,12339,350147.19
19/2/2007,1948.196,8086.6,141.622,1219,2976,12232,349123.34
20/2/2007,2484.712,10572.4,243.528,4130,5422,10979,345316.08
21/2/2007,1618.686,6786,127.124,2009,368,8660,348087.38
22/2/2007,1836.21,7690.6,114.902,0,281,11610,348232.95
23/2/2007,1822.632,7483.6,130.298,1167,375,14916,350734.74
24/2/2007,777.364,3380.2,148.94,209,742,2572,346771.73
25/2/2007,1477.746,6199.8,163.68,3261,457,6527,348406.63
26/2/2007,1842.114,7674,165.792,2057,2822,13828,348529.66
27/2/2007,1190.208,5020.2,179.52,1044,960,8933,347447.32
28/2/2007,707.884,3177.8,168.314,946,534,3261,339546.61
1/3/2007,1909.128,8116.4,289.814,6950,612,11714,345724.17
2/3/2007,1967.634,8414,205.092,4300,6670,8693,347141.47
3/3/2007,1467.892,6134.6,144.298,0,403,12893,347037.71
4/3/2007,1340.812,5768.2,239.092,4202,1924,5983,346815.77
5/3/2007,1067.09,4615,216.018,907,585,8992,345568.39
6/3/2007,1602.996,6816.8,159.208,1032,4745,9889,346631.16
7/3/2007,1215.19,5171.8,173.226,0,474,10870,348040
8/3/2007,908.324,4012,176.244,67,2227,4631,345575.6
9/3/2007,1251.276,5390.6,240.242,982,552,8186,345409.57
10/3/2007,1192.646,5078.6,218.214,988,2624,7492,348833.13
11/3/2007,1154.504,5054.8,281.282,907,1240,8921,345690.03
12/3/2007,1028.01,4506.8,117.656,336,2651,8287,337663.89
13/3/2007,352.032,1616.4,189.106,0,464,1905,345981.44
14/3/2007,1069.358,4719,298.248,0,3719,6012,347081.04
15/3/2007,544.758,2397.4,181.808,0,525,4141,348414.72
16/3/2007,1117.376,4843.8,177.498,935,595,5613,344719.67
17/3/2007,1300.764,5554.8,166.43,1009,399,10281,344852.04
18/3/2007,1112.354,4765.2,202.392,928,600,6508,347369.69
19/3/2007,1328.108,5647,200.052,966,654,10773,348218.21
20/3/2007,2255.194,9588,230.02,1378,2170,12415,347264.19
21/3/2007,1705.818,7147.4,95.484,1261,290,7997,346190.47
22/3/2007,1975.988,8301.2,143.24,4521,5301,5887,353565.43
23/3/2007,1518.684,6242.6,156.206,1251,340,10279,354339.52
24/3/2007,1732.446,7357,153.108,2630,414,7806,343359.58
25/3/2007,1669.386,7064.6,154.848,2144,2335,11373,344422.97
26/3/2007,1938.936,8273,269.038,4111,6454,8648,346534.84
27/3/2007,1622.59,6941.4,268.53,1007,5006,8734,345493.72
28/3/2007,1887.124,7978.4,185.61,3445,320,6024,345974.78
29/3/2007,2455.95,10344,128.08,2475,2288,14651,345425.32
30/3/2007,2040.48,8603.6,223.068,2338,5105,11214,349014.75
31/3/2007,1773.592,7568,152.188,3424,2216,6259,343769.34
1/4/2007,2305.104,9665.6,133.698,1050,3817,12740,347702.74
2/4/2007,1432.522,5935.6,114.916,1160,273,7979,350522.44
3/4/2007,1784.462,7388.4,219.624,1546,385,11251,351779.21
4/4/2007,3571.228,15158.6,204.314,2430,4765,13114,344888.85
5/4/2007,1692.016,7101.8,102.246,1018,297,8930,348036.76
6/4/2007,2639.39,11133,239.362,2985,10477,12195,348620.49
7/4/2007,1369.768,5626.6,124.15,0,330,9916,352097.83
8/4/2007,3480.636,14575,173.374,4810,3420,9500,345610.5
9/4/2007,2200.042,9312.4,151.1,1271,3901,12936,346210.78
10/4/2007,2405.904,10119.8,137.244,3476,7288,10737,348222.49
11/4/2007,1951.09,8120.8,152.388,2071,320,15706,349461.28
12/4/2007,887.482,3771,192.446,0,1112,6421,347262.95
13/4/2007,1877.664,7851.8,143.89,1802,491,14522,346692.06
14/4/2007,2462.446,10332.4,253.666,3661,4286,18233,346995.73
15/4/2007,1603.152,6816.6,175.008,5499,554,8851,347746.8
16/4/2007,979.154,4359.8,132.096,926,491,6471,338730.85
17/4/2007,1610.92,6918,275.702,563,1340,6930,346299.26
18/4/2007,1517.176,6380.6,158.44,1035,457,11009,345961.91
19/4/2007,1571.368,6543,152.3,1156,345,11418,349031.63
20/4/2007,794.654,3481.8,194.634,0,487,5328,346833.72
21/4/2007,1123.206,4879.4,214.372,977,842,7566,345822.44
22/4/2007,1300.65,5548.8,159.932,0,472,10610,347293.52
23/4/2007,1470.672,6354,218.57,3439,468,11728,347692.74
24/4/2007,722.352,3167.2,153.856,1015,647,5284,347083.25
25/4/2007,1254.216,5446.4,251.036,724,558,9251,344904.35
26/4/2007,993.968,4346.2,249.472,981,683,7756,348789.3
27/4/2007,1193.572,5253.2,302.624,848,594,7781,345274.49
28/4/2007,1091.65,4731.4,115.77,1180,910,10339,338371.46
29/4/2007,371.916,1685.8,187.62,0,489,1880,346634.39
30/4/2007,950.954,4246.2,307.45,857,1467,6577,348251.75
1/5/2007,542.002,2407.2,176.064,0,542,4118,346381.73
2/5/2007,983.572,4251,151.764,943,550,5792,345703.67
3/5/2007,1028.714,4435.6,192.038,1005,417,7644,344303.72
4/5/2007,1214.146,5134.4,183.378,0,631,11693,347255.99
5/5/2007,1463.31,6209.2,235.63,930,1427,8996,348005.88
6/5/2007,1461.296,6205.2,199.14,0,439,8276,347815.02
7/5/2007,2871.408,12274.4,162.724,5594,2621,11116,345542.66
8/5/2007,1589.278,6500,112.428,0,261,12147,353558.98
9/5/2007,2190.558,8947,193.588,1646,4583,19962,352765.86
10/5/2007,1914.504,8160.6,137.984,1020,5028,11659,343413.09
11/5/2007,1907.94,8085.8,161.806,2561,5822,7171,345818.22
12/5/2007,1351.604,5714.8,157.714,997,515,9420,345922.31
13/5/2007,1579.692,6741.2,170.268,1104,780,9812,345975.37
14/5/2007,2156.146,9031.6,137.468,1018,4165,13281,345348.85
15/5/2007,2190.286,9145.8,159.172,1066,2752,9430,346156.63
16/5/2007,1463.066,6124.8,153.198,1486,429,9403,348777.61
17/5/2007,1836.822,7826.2,151.144,2054,489,10308,343926.57
18/5/2007,1588.062,6611.2,116.886,1152,254,7759,349165.91
19/5/2007,1815.534,7519.2,139.342,1157,255,12154,349981.95
20/5/2007,1816.38,7576.2,248.73,1087,4120,8198,352712.09
21/5/2007,1877.61,7925,136.704,2227,399,11517,345741.84
22/5/2007,1987.798,8419.8,130.946,2009,1856,12138,344893.18
23/5/2007,1968.66,8183,119.284,1109,299,17724,349792.6
24/5/2007,1892.998,7787.6,132.282,1241,312,15211,350821.86
25/5/2007,1950.668,8249,134.422,1403,2841,12353,346404.55
26/5/2007,1774.232,7448,138.194,1120,2374,11042,347122.38
27/5/2007,1887.26,7859.4,134.772,0,364,13655,348477.73
28/5/2007,1645.424,6800,148.71,1691,411,14076,349939.49
29/5/2007,537.706,2301,147.812,0,541,1818,345968.73
30/5/2007,2800.014,11834.2,392.272,7076,2499,15225,347130.97
31/5/2007,2141.012,9119.2,281.67,7498,1504,12470,346180.75
1/6/2007,1439.426,5996.6,157.73,660,611,11949,348489.28
2/6/2007,1441.566,6279.2,209.172,2247,1075,10408,338000.98
3/6/2007,1524.204,6508,229.14,2082,1085,11959,347099.94
4/6/2007,1625.956,6867.2,150.022,0,2713,11335,346142.56
5/6/2007,2035.418,8482,159.798,1036,4434,16362,348071.94
6/6/2007,918.766,4116.4,216.416,1882,475,3898,345923.85
7/6/2007,1259.332,5471,189.292,1951,567,7246,345153.63
8/6/2007,1101.732,4703,152.704,1009,460,7137,346949.77
9/6/2007,1974.442,8420.2,271.75,2705,3659,16202,346110.04
10/6/2007,1069.582,4656.4,209.098,1029,2550,6419,346701.05
11/6/2007,1328.852,5832.6,266.124,4436,2617,7231,345685.36
12/6/2007,513.478,2305.4,191.48,0,589,4060,348919.11
13/6/2007,1109.574,4892,285.912,1724,646,6444,345914.85
14/6/2007,1241.904,5389.6,127.776,1123,1156,8582,339357.39
15/6/2007,288.984,1373,187.042,0,462,1844,345669.53
16/6/2007,824.436,3678.2,272.552,912,689,4991,348203.92
17/6/2007,529.698,2338.2,169.098,0,514,3982,346744.7
18/6/2007,1287.764,5558.4,171.794,0,3217,7755,345621.68
19/6/2007,1392.762,5968.2,178.298,1867,402,8738,345554.37
20/6/2007,2064.358,8845.2,325.196,9583,1202,12601,346618.15
21/6/2007,1612.092,6848.2,201.358,1805,2080,8891,347932.4
22/6/2007,3186.814,13612.4,290.736,7806,2975,11341,344568.4
23/6/2007,2886.11,12177.8,144.786,6505,341,9379,345235.72
24/6/2007,2182.6,9006.2,134.142,1140,329,16194,352020.01
25/6/2007,2390.4,9504,161.28,2880,2880,27360,354470.4
26/6/2007,1926.728,8209,125.204,969,3799,8463,343822.19
27/6/2007,1461.976,6126.2,147.894,1037,535,9483,346765.57
28/6/2007,1449.1,6119.6,165.392,983,530,9530,345956.09
29/6/2007,2073.886,8662.8,172.644,1988,611,16593,346751.02
30/6/2007,2214.398,9293,140.952,978,4933,11076,347217.09
1/7/2007,1238.46,5223.2,125.424,0,338,6315,347901.01
2/7/2007,1532.926,6417.2,156.932,1856,407,9178,347379.42
3/7/2007,2023.174,8524.2,162.18,1051,589,13853,344639.15
4/7/2007,1847.746,7804.2,111.49,1103,1448,8911,348231.37
5/7/2007,1825.574,7663.4,163.278,2186,261,9271,347815.51
6/7/2007,2138.814,8877.4,222.19,3984,417,13178,352076.54
7/7/2007,1414.546,5967,134.678,0,2828,6256,347280.27
8/7/2007,1900.498,8035.4,128.478,2530,3615,7568,347332.46
9/7/2007,1690.022,7044.2,109.186,1100,254,11554,348038.4
10/7/2007,2351.556,9711.4,144.794,1838,5292,18710,349760.29
11/7/2007,1290.144,5480.2,126.718,1350,3859,5323,346893.07
12/7/2007,1675.514,7116,128.474,3263,3590,5464,346755.78
13/7/2007,1445.52,6006.8,138.684,1082,311,10466,349570.52
14/7/2007,2383.01,9943.2,265.362,2848,5534,17973,348475.59
15/7/2007,551.022,2366.4,151.64,0,558,1988,345672.7
16/7/2007,2232.986,9434.6,213.514,2554,5942,13007,346209.59
17/7/2007,1599.924,6819,200.072,1006,5648,6209,347230.54
18/7/2007,1512.704,6324.8,171.14,1097,646,13033,348098.58
19/7/2007,1634.738,7155.6,220.67,3612,2414,8958,339420.54
20/7/2007,1476.894,6324.2,236.468,823,4089,8370,346138.65
21/7/2007,1246.398,5338.6,171.566,1419,553,7127,346515.81
22/7/2007,1554.266,6451.2,154.176,2124,1477,10528,349863.08
23/7/2007,927.272,4057.2,208.26,957,857,5216,346172.55
24/7/2007,1875.1,8070.4,281.936,2809,7358,10531,343999.44
25/7/2007,493.618,2034.2,136.458,0,1415,1489,347689.58
26/7/2007,1674.356,7286.4,253.716,4922,2516,9096,347332.21
27/7/2007,794.382,3529.2,206.694,0,633,4427,346830.92
28/7/2007,1254.634,5424,166.908,1671,3164,7056,346017.15
29/7/2007,496.746,2250,196.526,0,594,3881,349268.42
30/7/2007,1382.114,6106.2,287.722,2273,2826,7894,346312.5
31/7/2007,1153.012,4966.2,130.94,93,476,11101,338711.86
1/8/2007,282.584,1341.4,183.836,0,451,1789,346854.98
2/8/2007,806.426,3516.4,216.942,1215,3702,2600,348355.71
3/8/2007,534.294,2353.8,165.538,0,508,4097,347027.27
4/8/2007,1146.382,4988.8,165.958,1175,2523,3853,344606.16
5/8/2007,1631.436,6941,186.192,930,5433,11807,345779.35
6/8/2007,1571.616,6751.6,271.258,4146,612,10188,345958.82
7/8/2007,1076.32,4667.2,189.798,1301,798,6710,347263.59
8/8/2007,3011.038,12919.2,227.432,1777,4215,12991,343897.94
9/8/2007,2024.932,8661,120.11,5918,339,9738,346030.57
10/8/2007,1781.792,7362.8,120.792,2279,332,10318,352226.81
11/8/2007,2514.208,10124.6,198.166,4174,2368,23591,353702.86
12/8/2007,2061.252,8753.4,150.05,2930,7494,7126,344305.49
13/8/2007,1609.056,6811.4,164.286,1177,442,9939,344470.65
14/8/2007,1711.224,7206.6,175.09,2001,3131,10013,345253.63
15/8/2007,2135.122,9016,215.944,2583,2441,14239,346900.63
16/8/2007,2047.994,8554.6,141.59,1055,295,16345,345522.28
17/8/2007,1621.738,6848,127.894,2092,325,9929,347071.42
18/8/2007,2560.456,10733,245.848,4169,2411,18868,345920.26
19/8/2007,2038.392,8686.6,203.694,5344,549,8758,344562.91
20/8/2007,1974.808,8291.2,179.55,980,3849,12941,348459.73
21/8/2007,2002.12,8469.4,164.014,3742,2497,5415,347936.83
22/8/2007,1794.862,7376,151.982,1090,2280,10742,354454.29
23/8/2007,2498.672,10533.8,202.506,3295,3793,11579,346140.56
24/8/2007,1604.622,6744.6,113.646,1300,291,9299,346701.34
25/8/2007,2335.33,9688.6,118.768,2280,3256,18543,348403.01
26/8/2007,1688.35,6958.2,124.672,1225,320,13191,350122.24
27/8/2007,1793.364,7585.2,157.522,3485,480,8607,346719.3
28/8/2007,2210.22,9282.6,159.748,980,3881,14476,346503.41
29/8/2007,2149.028,8908,155.25,2196,280,18036,348737.48
30/8/2007,1566.714,6616.6,200.632,3464,918,7101,348460.29
31/8/2007,554.268,2378,155.61,0,578,2008,346050.93
1/9/2007,1589.582,6630.2,154.958,0,425,11197,348932.24
2/9/2007,1501.538,6386.4,188.58,888,2341,9478,347748.95
3/9/2007,1660.364,6979.6,179.198,1132,5871,9194,347580.88
4/9/2007,1467.782,6586.8,298.552,3176,2417,5517,339393.7
5/9/2007,1584.262,6787.2,277.374,2467,3436,9716,346620.26
6/9/2007,1606.984,6920.2,151.91,0,4065,11499,345685.71
7/9/2007,1722.146,7174,159.884,1045,334,16764,348576.81
8/9/2007,1259.084,5448,231.696,3322,2147,7054,345380.81
9/9/2007,1384.92,6059.2,344.28,1862,1011,10681,345620.87
10/9/2007,489.6,2016,135.36,0,1440,1440,347616
11/9/2007,1217.984,5203.8,178.64,958,473,10336,347928.24
12/9/2007,1288.17,5607.4,258.45,3775,1968,6604,347460.31
13/9/2007,1137.926,4941.6,209.668,2564,1995,6436,346311.63
14/9/2007,911.43,4054,266.574,2303,618,6155,348775.76
15/9/2007,1409.472,6135.2,248.48,1064,598,7575,346092.36
16/9/2007,941.19,4110,132.01,951,685,6256,341390
17/9/2007,270.258,1274.4,177.966,0,441,1641,347242.87
18/9/2007,748.676,3287.8,241.328,429,850,4647,347298.59
19/9/2007,554.27,2424.2,160.51,0,512,4471,347278.86
20/9/2007,1135.47,4960.4,183.126,901,676,5804,344594.73
21/9/2007,1576.326,6818.4,193.746,4673,445,6538,345440.14
22/9/2007,1574.858,6706.8,239.666,2843,603,9091,347726.82
23/9/2007,1430.678,6101.8,197.004,1874,2705,10270,346955.5
24/9/2007,2148.678,9016.6,174.86,1099,2239,15163,347386.91
25/9/2007,2686.912,11363.4,113.144,782,6883,14512,346621.66
26/9/2007,1564.068,6509.6,115.546,2731,390,9561,349950.64
27/9/2007,2196.76,9122.4,218.29,1957,2952,13546,350965.1
28/9/2007,1266.33,5359.6,118.182,1061,339,7654,344581.5
29/9/2007,2156.896,9112.6,168.462,1998,7042,9984,344889.78
30/9/2007,1489.976,6227,139.632,1629,463,9641,347215.87
1/10/2007,1596.324,6751.2,201.54,712,827,10786,346744.72
2/10/2007,1491.988,6330.8,133.066,1606,571,7503,345578.39
3/10/2007,3031.628,12907,165.16,3952,3799,15635,343633.13
4/10/2007,1967.308,8321,211.148,991,5278,9446,346068.53
5/10/2007,1747.382,7381,126.716,1075,4222,8918,344950.91
6/10/2007,2736.876,11491.2,157.626,1706,3687,14313,347444.13
7/10/2007,1795.45,7475,113.744,1178,252,9668,349976.45
8/10/2007,1940.116,7941,162.344,1111,392,14084,354302.18
9/10/2007,1985.346,8381.2,165.964,0,2363,14028,346563.68
10/10/2007,2005.208,8325,107.952,1109,1723,13417,348322.47
11/10/2007,1586.032,6482,114.022,2465,226,5234,349695.27
12/10/2007,2097.132,8701,131.27,3468,332,16065,350563.36
13/10/2007,1884.814,7953.4,159.326,0,3263,11036,346003.91
14/10/2007,1576.3,6697,154.412,2550,502,5910,345885.11
15/10/2007,1942.062,8202.6,177.752,3478,5152,8353,348150.4
16/10/2007,1791.85,7456.8,164.312,778,436,15053,348905.88
17/10/2007,726.164,3148.6,171.544,0,1026,2893,345940.83
18/10/2007,1670.406,7069.8,178.782,1174,3998,9874,347383.79
19/10/2007,1216.062,5199.8,190.886,1880,463,5278,347501.82
20/10/2007,1872.178,7812.6,167.336,2526,658,15667,346827.15
21/10/2007,904.392,3936,111.182,0,408,5318,339281.27
22/10/2007,1162.768,5071.8,237.724,868,570,6820,346104.57
23/10/2007,1422.226,6023.2,140.546,1382,494,12195,346978.37
24/10/2007,1944.772,8221.4,232.944,3347,336,13670,348627.91
25/10/2007,989.604,4415.4,251.762,2269,4011,4547,346268.71
26/10/2007,2289.102,9754,281.006,6471,6802,11589,344813.37
27/10/2007,926.608,3969.6,196.598,916,803,6117,346908.21
28/10/2007,1223.966,5217,179.096,0,488,10144,346900.75
29/10/2007,1037.18,4651.4,294.77,862,632,5585,346413.6
30/10/2007,1155.86,4947.4,190.936,968,552,8585,345285.28
31/10/2007,718.074,3121.2,189.692,878,932,5820,348374.73
1/11/2007,1635.816,6900.4,192.324,1108,2179,8203,346128.35
2/11/2007,1191.86,5100.6,159.764,338,508,9787,345590.51
3/11/2007,273.654,1290.2,178.178,0,439,1691,347267.76
4/11/2007,1514.062,6632.4,384.762,3437,1852,8922,346890.74
5/11/2007,1055.986,4552.4,206.77,0,4361,5282,348028.74
6/11/2007,1095.312,4720.6,184.466,0,1449,6464,345602.84
7/11/2007,1697.708,7303.4,136.118,960,364,10322,345968.51
8/11/2007,1456.806,6170.4,184.276,1769,560,8644,347029.03
9/11/2007,986.094,4252.6,219.558,0,898,6018,347467.36
10/11/2007,1686.404,7165.4,185.428,2063,644,6583,348400.45
11/11/2007,2135.852,9100.2,128.93,1162,3430,9391,346207.89
12/11/2007,2766.554,11578.4,179.92,5811,3158,15220,349299.32
13/11/2007,2150.112,8956.4,242.518,2605,2415,13652,349985.14
14/11/2007,1964.442,8385.4,185.414,0,7871,9876,343962.17
15/11/2007,1583.68,6712.2,136.84,951,429,8438,344538.5
16/11/2007,1516.86,6357.8,145.384,0,482,11136,345954.24
17/11/2007,1000.014,4228,167.938,0,645,7656,348361.19
18/11/2007,2309.754,9674,123.978,1991,4660,13564,347016.26
19/11/2007,2365.432,9963.4,163.13,4791,1829,8945,346311.56
20/11/2007,1514.468,6340.6,157.194,2021,545,9354,348314.22
21/11/2007,1509.748,6341.2,133.598,0,478,7949,347324.56
22/11/2007,1209.176,5180.8,34.922,0,546,4926,93552.53
23/11/2007,2762.218,11508.8,126.938,3410,2281,12929,349466.38
24/11/2007,1797.09,7477.4,114.598,0,253,11334,351187.06
25/11/2007,1394.874,5750.4,154.43,1143,2943,8104,355990.85
26/11/2007,1702.528,7267,151.686,1148,859,8689,346782.16
27/11/2007,2346.948,9927.2,138.994,1076,2360,11599,347166.08
28/11/2007,1318.994,5512.6,111.806,0,261,7037,348685.93
29/11/2007,1797.756,7413.6,119.606,1945,317,12820,351005.42
30/11/2007,1702.054,7189,130.208,1106,4604,5370,344919.07
1/12/2007,1801.96,7629.6,173.652,2394,566,11286,347464.32
2/12/2007,1338.042,5551.2,119.348,0,306,9291,349069.72
3/12/2007,1542.65,6423.8,167.736,0,457,10083,347817.71
4/12/2007,952.39,4136.4,186.074,952,1305,4656,346546.28
5/12/2007,1489.064,6215.2,125.904,838,403,11322,348111.92
6/12/2007,1564.524,6658.8,179.016,2896,397,9809,346285.5
7/12/2007,1562.062,6553,170.38,2837,592,12623,348468.24
8/12/2007,1692.944,7303.4,135.894,2213,5756,9077,338775.57
9/12/2007,1651.126,7091.4,235.398,2228,2569,8957,345046.55
10/12/2007,2007.378,8475,186.502,1705,4820,12265,345583.81
11/12/2007,2100.426,8862.4,164.382,3361,3922,11888,347002.06
12/12/2007,2017.762,8604,307.558,3289,4498,11108,344882.44
13/12/2007,1303.044,5622.8,204.382,1980,464,10012,346224.19
14/12/2007,1508.792,6458.2,212.188,2983,1221,13691,346796.9
15/12/2007,1768.092,7464.6,183.078,1875,4999,10336,346681.99
16/12/2007,853.674,3831.2,233.96,830,695,4176,340570.42
17/12/2007,1077.062,4661,206.462,1537,2799,4978,346454.47
18/12/2007,599.554,2701.6,259.326,0,1724,3902,348648.45
19/12/2007,820.056,3581.4,196.728,0,568,3854,347262.26
20/12/2007,958.496,4095.2,131.532,962,0,7476,345222.23
21/12/2007,274.814,1295.2,181.678,0,442,1688,348617.3
22/12/2007,1217.712,5464,409.052,1604,1094,5691,346350.02
23/12/2007,1129.73,4921.2,185.016,1530,463,7328,347150.82
24/12/2007,1652.224,7151.4,192.352,3118,3064,9310,344967.07
25/12/2007,1221.862,5211.8,156.06,0,368,8249,346966.2
26/12/2007,1743.162,7415.6,197.746,1035,3470,13384,345933.06
27/12/2007,1339.738,5665,171.35,1038,739,10310,346192.95
28/12/2007,2847.688,11928.8,200.752,3500,5737,16064,347047.56
29/12/2007,1572.282,6688.8,116.718,1007,350,8657,347944.31
30/12/2007,3317.82,13793.6,164.544,2477,3154,15322,347949.42
31/12/2007,1906.556,7951,188.986,1992,298,15044,349261.93
1/1/2008,1576.93,6677.2,136.4,1065,453,8968,344436.67
2/1/2008,1866.886,7885.2,153.522,2036,3187,9639,345668.58
3/1/2008,2742.08,11585.6,261.152,5490,4364,18326,344002.41
4/1/2008,1047.382,4412.2,185.494,995,666,4681,348877.19
5/1/2008,2610.094,10942.4,168.03,2588,2199,14990,346468.93
6/1/2008,1523.636,6353.4,118.874,0,378,10590,347234.3
7/1/2008,1708.294,7075.4,167.628,0,453,11616,349431.26
8/1/2008,1582.032,6669,141.916,1153,491,8915,347691.23
9/1/2008,3390.46,14398.6,226.006,2033,4187,13341,345725.32
10/1/2008,1798.422,7473.2,105.194,1636,243,10567,349381.05
11/1/2008,2098.786,8755.6,136.216,4251,284,10813,350371.46
12/1/2008,1717.182,6971.4,148.97,0,308,14395,355527.55
13/1/2008,2076.912,8826,238.968,1765,2226,7157,344615.09
14/1/2008,1933.368,8142.4,120.076,3182,2257,6049,349156.56
15/1/2008,793.506,3308,115.57,0,266,3925,348862.05
16/1/2008,2054.56,8555.4,119.56,2294,6636,10101,348979.42
17/1/2008,2028.09,8562.4,127.068,2208,359,12275,343043.5
18/1/2008,1706.918,7210,175.274,236,6651,9346,346759.53
19/1/2008,1931.91,8135,234.992,1110,3952,12320,348417.25
20/1/2008,2009.13,8392,185.748,1136,5851,13105,347963.52
21/1/2008,1223.734,5314.8,218.354,1532,389,6199,345881.76
22/1/2008,1395.862,5910.2,145.878,1719,417,8638,347621.18
23/1/2008,2042.81,8592.4,171.198,0,5224,7655,347511.93
24/1/2008,1557.712,6549.2,149.862,553,3124,12571,347479.45
25/1/2008,1231.816,5358.2,131.188,1014,2073,7687,339650.58
26/1/2008,1657.454,7130.2,275.896,2158,935,12472,344840.92
27/1/2008,1543.764,6631.8,226.46,2555,1926,7168,346033.05
28/1/2008,1628.182,6801.4,147.376,1014,367,15344,347558.79
29/1/2008,1947.09,8307.8,239.814,4124,5038,8734,345915.62
30/1/2008,1145.084,4945.8,175.464,1080,432,10094,346110.38
31/1/2008,988.016,4260.8,192.86,975,611,7193,347465.53
1/2/2008,1028.018,4393.4,168.268,0,488,8510,346215.01
2/2/2008,719.632,3277.8,176.088,848,694,3335,338027.41
3/2/2008,1319.122,5798.4,239.506,1122,723,8280,345480.53
4/2/2008,731.808,3161.2,179.134,0,626,6670,347896.25
5/2/2008,806.352,3490.8,181.35,0,541,6094,347305.26
6/2/2008,1009.892,4293.4,127.388,244,0,7769,346311.43
7/2/2008,274.796,1292.8,179.516,0,445,1710,347304.17
8/2/2008,785.908,3480.6,251.462,1,813,6261,347357.44
9/2/2008,1139.47,4831.8,138.356,940,741,5666,346718.62
10/2/2008,1461.186,6355.4,202.314,6651,926,6279,344469.31
11/2/2008,1519.21,6465.2,177.168,1910,3727,9371,346545.61
12/2/2008,1223.426,5199.6,167.282,0,563,9710,347559.34
13/2/2008,1497.608,6376,196.642,1954,5496,9727,346773.42
14/2/2008,1821.462,7693.2,177.712,0,336,13491,346886.78
15/2/2008,2186.988,9262.4,119.29,1034,846,14983,345503.42
16/2/2008,3154.194,13201.4,209.84,5649,6701,12727,349407.48
17/2/2008,1881.098,7807,191.772,617,295,12981,350836.37
18/2/2008,1518.53,6384.6,122.5,1162,317,9864,345312.41
19/2/2008,2239.19,9427.8,162.628,799,1655,12146,345363.02
20/2/2008,1556.164,6480.8,142.644,712,499,11144,346681.21
21/2/2008,2713.884,11380.8,261.184,2234,10218,16382,348215.3
22/2/2008,2183.858,9140.6,161.762,5201,2097,7066,348855.06
23/2/2008,1749.05,7404.2,139.282,1079,369,11204,345458.94
24/2/2008,2639.174,11067.6,203.88,6012,7655,13787,347467.2
25/2/2008,1652.152,7022.8,206.196,2175,489,9449,347064.12
26/2/2008,2203.826,9247.2,161.792,1063,2621,14018,347373.64
27/2/2008,2623.194,10947,144.08,1123,5810,11093,349833.58
28/2/2008,1736.94,7184.6,118.07,1125,258,11293,349717.05
29/2/2008,1744.706,7154.4,160.418,1195,304,11466,355096.59
1/3/2008,3829.762,16184,255.522,6107,8003,13129,344405.96
2/3/2008,1514.404,6301.8,101.972,0,251,10345,348572.06
3/3/2008,826.45,3392.4,113.064,0,297,5471,348812.78
4/3/2008,1761.156,7255,140,965,385,14884,350767
5/3/2008,2371.046,10091.4,241.45,6564,7369,5856,347108.86
6/3/2008,1917.566,8023.6,147.44,1156,4019,12544,348377.74
7/3/2008,1450.68,6020.8,121.906,1123,375,12101,349690.49
8/3/2008,1562.682,6548.2,166.214,1147,570,10845,347763.26
9/3/2008,998.246,4313.4,165.224,1579,355,3430,345811.36
10/3/2008,1862.39,7859,184.646,2174,3832,10921,346523.87
11/3/2008,1512.266,6376.4,146.958,1028,2613,10699,347106.6
12/3/2008,1476.106,6164.4,148.232,1104,618,12550,346580.97
13/3/2008,1631.53,7022.4,171.258,3270,3913,8116,339832.22
14/3/2008,1803.958,7789.6,254.492,1775,5355,8626,345143.07
15/3/2008,1209.906,5066.2,154.56,763,374,8971,346980.49
16/3/2008,1421.184,5930.4,149.652,0,370,11677,347790.06
17/3/2008,678.474,2993.4,180.81,0,529,4241,346717.73
18/3/2008,1893.608,8224.4,272.724,7549,3040,12687,345225.41
19/3/2008,1165.7,4906.8,165.954,0,461,11223,347466.56
20/3/2008,1332.316,5682.2,171.418,977,454,11977,346353.71
21/3/2008,757.082,3437,156.514,909,671,4628,332767.05
22/3/2008,1261.584,5381.2,195.606,1143,552,9260,344991.15
23/3/2008,966.41,4154.2,218.338,0,663,5389,348489.04
24/3/2008,812.038,3481.4,169.93,0,498,3943,347688.29
25/3/2008,347.96,1553.6,119.24,0,0,1830,347442.67
26/3/2008,273.758,1287.8,178.098,0,440,1719,347552.41
27/3/2008,1080.598,4691.8,246.724,2306,1440,6324,346790.14
28/3/2008,1304.64,5472,0,0,0,1440,344520
29/3/2008,1167.52,5058.4,147.132,1888,2029,5425,343095.37
30/3/2008,1505.29,6404.2,189.376,4202,357,7991,346071.08
31/3/2008,1374.032,5815.6,169.212,1993,652,9151,347182.85
1/4/2008,1247.946,5273.8,161.978,982,754,11779,347845.07
2/4/2008,1480.44,6301.8,170.052,2103,330,7172,345831.76
3/4/2008,1980.306,8393.6,134.982,2521,6054,8015,345032.53
4/4/2008,1699.866,7091.2,119.274,1118,376,10279,350101.69
5/4/2008,2433.508,10086.6,161.754,2044,653,19311,349953.28
6/4/2008,2085.648,8788.6,121.478,1299,3124,11648,345099.13
7/4/2008,1971.934,8359.6,181.596,698,8010,4600,345661.27
8/4/2008,1369.108,5692.4,134.358,1104,457,8227,348854.75
9/4/2008,1925.978,8140.4,219.57,1025,4110,9461,348354.41
10/4/2008,1723.654,7209,112.03,1089,253,10750,349583.55
11/4/2008,1840.238,7794.6,166.452,1737,3026,8704,346377.05
12/4/2008,1474.848,6121.6,149.054,0,481,10936,349884.1
13/4/2008,1570.4,6593,122.928,0,483,11914,345667.33
14/4/2008,1666.194,7094,150.942,839,7602,6197,348479.01
15/4/2008,2196.052,9121.6,109.336,1233,2658,11679,349489.58
16/4/2008,1882.112,7891.4,132.154,1538,296,11773,348287.29
17/4/2008,2204.334,8989.8,137.608,1165,2662,13681,354145.74
18/4/2008,2186.614,9276.8,176.584,1634,2900,13085,345297
19/4/2008,2126.916,8956.4,137.568,1881,4711,11200,347054.59
20/4/2008,737.268,3040.6,99.378,1046,262,1796,347831.41
21/4/2008,1953.572,8142,135.15,2124,397,14543,348058.66
22/4/2008,2152.518,9046,144.764,1648,2686,14118,346315.81
23/4/2008,1308.448,5508.8,142.498,2110,411,6154,349059.19
24/4/2008,1191.532,4931.8,116.412,0,314,9458,349597.84
25/4/2008,1663.384,6920.6,189.478,0,596,12591,347651.23
26/4/2008,1028.658,4400.4,149.66,733,1605,5748,346218.97
27/4/2008,2253.71,9556,245.284,4319,2457,14722,347246.18
28/4/2008,1286.468,5397.8,153.604,2201,376,8088,349428.29
29/4/2008,1708.594,7146.6,166.404,1230,4255,13474,347414.14
30/4/2008,1429.442,6219.8,167.858,4683,530,7022,338320.4
1/5/2008,1030.262,4420,175.736,1014,558,7503,346221.9
2/5/2008,1617.344,6770.2,188.884,3253,792,10981,347029.83
3/5/2008,1426.752,6013.8,151.254,2122,659,9864,347905.5
4/5/2008,845.2,3694,188.166,973,537,4391,345983.97
5/5/2008,1588.082,6822.6,189.418,3411,1514,10911,344552.67
6/5/2008,1086.866,4620.2,164.26,969,475,7737,347497.32
7/5/2008,1416.22,6068.4,210.808,2385,1803,9554,348053.24
8/5/2008,677.886,3087.2,187.012,1068,703,3130,337337.08
9/5/2008,1344.014,5788.4,208.03,2941,3146,7676,344377.61
10/5/2008,1203.644,5077.2,259.25,0,598,5058,348547.11
11/5/2008,801.158,3448.8,192.498,0,549,6105,348263.36
12/5/2008,1422.294,6137.2,160.018,1025,8912,5989,345533.28
13/5/2008,274.692,1300.8,180.622,0,442,1697,346888.42
14/5/2008,880.742,3925.4,262.994,896,812,6044,347819.86
15/5/2008,1304.64,5472,0,0,0,1440,344520
16/5/2008,1298.684,5592,151.794,0,2743,7937,346039.5
17/5/2008,1518.846,6449.4,166.768,1569,351,12367,346114.24
18/5/2008,2135.71,9013.6,263.492,1607,4050,14845,346109.78
19/5/2008,919.6,3904.6,147.406,0,1307,5156,348064.28
20/5/2008,1269.236,5348.2,190.342,0,348,6562,348399.04
21/5/2008,1644.106,6869.4,111.666,0,3094,8987,349081.13
22/5/2008,2327.51,9702.4,204.73,2417,6018,11841,349495.04
23/5/2008,1311.806,5500.4,199.676,801,298,6442,352328.43
24/5/2008,2198.864,9322.6,161.828,508,8022,12815,343431.06
25/5/2008,1345.342,5686,153.676,0,367,9060,346072.67
26/5/2008,1152.668,4876,183.156,0,570,10142,346692.79
27/5/2008,1923.254,8041.4,166.086,3972,741,13532,346612.98
28/5/2008,1443.602,6051.8,93.362,1346,2115,12245,344662.54
29/5/2008,910.614,4124.2,120.472,0,346,2824,348704.27
30/5/2008,1504.226,6337,170.082,1881,471,7490,347449.83
31/5/2008,1191.082,4927.4,186.52,0,574,5784,353933.16
1/6/2008,2946.188,12410.8,325.082,2090,6915,10636,346651.21
2/6/2008,1793.444,7509.8,145.908,0,304,11343,350466.29
3/6/2008,2345.668,9820.4,170.23,1143,7052,12851,348003.81
4/6/2008,1667.736,7014,139.542,0,356,11338,346081.52
5/6/2008,2940.438,12465,231.426,6286,2764,15206,346016.41
6/6/2008,1603.3,6596.8,106.588,1159,232,10915,352619.75
7/6/2008,2157.432,8853.6,131.168,0,382,21536,350399.26
8/6/2008,515.688,2169.8,107.008,0,340,1969,346451.9
9/6/2008,1162.226,4932,144.71,0,5244,2565,345234.59
10/6/2008,1477.442,6337.6,135.364,1560,310,6684,348828.26
11/6/2008,766.906,3204.8,136.396,0,424,3605,348122.96
12/6/2008,1960.778,8226.2,174.336,1755,970,16641,346262.57
13/6/2008,1691.672,7211,142.54,1106,3674,7989,343680.71
14/6/2008,1644.334,6856.4,124.762,1128,324,13500,348825.08
15/6/2008,1648.622,6816.2,152.906,0,483,13074,349593.87
16/6/2008,1003.486,4523.8,160.092,7,1490,3754,339238.19
17/6/2008,1497.768,6304,205.568,3114,584,8687,347974.48
18/6/2008,1393.91,5871.6,179.62,1430,374,9760,348311.38
19/6/2008,2187.91,9248.4,233.98,1858,7966,14454,346159.08
20/6/2008,1484.362,6442.6,166.108,3971,1250,7633,337635.4
21/6/2008,1074.012,4634,165.158,960,558,6341,340372.62
22/6/2008,1090.638,4849.6,223.696,0,506,7892,347947.63
23/6/2008,980.898,4198.8,129.238,0,656,8454,346084.5
24/6/2008,967.032,4216,176.924,1018,5281,3445,346567.41
25/6/2008,1147.202,5140.2,266.538,962,650,7002,344105.25
26/6/2008,1242.578,5349.6,276.318,637,603,8032,348432.11
27/6/2008,1140.928,5032.8,297.298,822,932,6337,345067.37
28/6/2008,1019.416,4445.4,144.954,482,0,6869,338193.49
29/6/2008,505.776,2286.6,178.294,0,504,3803,344345.37
30/6/2008,489.724,2258.6,205.492,0,637,3539,346955.9
1/7/2008,549.482,2449.2,183.244,0,536,4191,346892.19
2/7/2008,1662.468,7224.8,231.598,3613,1617,8806,345665.28
3/7/2008,1384.154,5963.8,224.634,4273,1206,6648,344633.71
4/7/2008,1222.814,5239,207.858,947,659,9921,348217.59
5/7/2008,1392.492,5887.8,170.312,929,500,11785,346958.95
6/7/2008,3133.732,13461.2,238.362,4324,5222,11440,343969.16
7/7/2008,1740.368,7414.4,138.614,1775,380,4940,345520.14
8/7/2008,1738.028,7170.8,133.88,0,282,13727,350495.79
9/7/2008,2351.728,9807.4,199.86,2317,3341,14563,349575.03
10/7/2008,1660.246,6933.2,139.544,2363,296,13225,348227.74
11/7/2008,1667.554,6998.8,137.812,844,2648,10475,346222.79
12/7/2008,1722.808,7164,151.558,760,450,11005,349239.61
13/7/2008,1727.964,7248.4,162.564,2154,690,10330,348837.3
14/7/2008,2095.856,8770.2,124.832,1015,3954,11026,347527.91
15/7/2008,1692.336,7177.6,121.192,1034,347,7732,345338.09
16/7/2008,1961.016,8196.8,146.026,843,407,12816,347878.61
17/7/2008,2197.006,9320.2,153.768,4367,2947,11433,346476
18/7/2008,2225.748,9313,160.998,0,2648,14063,348923.61
19/7/2008,1949.758,8083.2,119.434,1859,276,13592,350161.83
20/7/2008,2244.142,9360,160.838,1134,6479,12837,349293.74
21/7/2008,1144.166,4672,122.1,1237,313,7795,356306.41
22/7/2008,3149.928,13202.6,187.158,2058,5191,9713,345406.24
23/7/2008,2253.79,9516,190.268,3655,5516,7704,348004.35
24/7/2008,1880.736,7970.4,147.036,2897,293,8768,345874.62
25/7/2008,1983.728,8273.6,151.248,3748,382,14470,348176.11
26/7/2008,2086.228,8857.8,164.87,3745,2837,11255,346774.52
27/7/2008,1253.274,5269.8,120.854,1107,478,6670,348138.12
28/7/2008,1463.906,6073.6,130.038,1083,308,10618,349799.74
29/7/2008,641.508,2965.6,327.644,0,1233,2177,349591.51
30/7/2008,822.58,3592.6,145.646,1069,360,3499,345791.37
31/7/2008,1791.418,7575.2,227.854,1030,4544,10401,347663.34
1/8/2008,1486.51,6240,169.502,0,2644,10476,348342.56
2/8/2008,1833.628,7677,175.902,1388,719,16668,346719.24
3/8/2008,1968.328,8555.8,187.532,5420,1733,7611,338901.29
4/8/2008,1581.334,6742.4,184.082,1352,2431,11977,347068.23
5/8/2008,1307.162,5528.8,182.382,1061,1889,9470,347500.38
6/8/2008,1153.898,4831.6,139.14,0,369,10101,349129.13
7/8/2008,1074.286,4761.8,227.302,1761,2588,5106,345824.88
8/8/2008,1676.104,7211.8,227.42,2948,2935,12417,345512.43
9/8/2008,1107.1,4679.2,179.056,0,2657,9159,347737.8
10/8/2008,1672.55,7091.2,144.08,1021,4195,12337,346043.28
11/8/2008,1110.422,4970.4,223.118,2111,2418,4765,339219.22
12/8/2008,941.534,4084.4,172.576,1943,1076,5457,345279.88
13/8/2008,662.486,2949,217.864,914,784,4948,348252.28
14/8/2008,855.824,3698.6,218.46,9,550,5178,347974.54
15/8/2008,1338.842,5707.2,155.88,1032,6965,7383,347473
16/8/2008,268.472,1272,178.064,0,437,1626,347822.94
17/8/2008,775.722,3489.6,260.89,0,883,6138,347163.29
18/8/2008,1304.64,5472,0,0,0,1440,344520
19/8/2008,1255.532,5358.2,132.908,1056,489,9996,345189.58
20/8/2008,1304.6,5480,156.204,0,370,12477,346455.53
21/8/2008,2035.328,8674.6,295.694,4532,2466,11935,347465.44
22/8/2008,1682.832,7179.8,195.214,3323,766,13262,347750.98
23/8/2008,3407.262,14674.6,229.736,10346,5567,11599,344114.09
24/8/2008,1858.998,7947.4,122.4,0,376,10447,344973.24
25/8/2008,1739.434,7189.8,128.044,1148,2159,9830,351511.47
26/8/2008,2137.856,8873.2,185.42,894,449,16451,349849.8
27/8/2008,1941.94,8210.4,154.028,3712,4357,7313,347746.67
28/8/2008,2063.716,8756.4,152.344,857,2663,11331,345212.19
29/8/2008,1969.506,8227.2,192.17,2031,5916,8569,348922.1
30/8/2008,1355.198,5683.4,181.434,755,691,6757,350600.29
31/8/2008,1755.212,7374.4,131.612,1141,549,9473,347752.97
1/9/2008,1673.93,7123,127.554,1039,348,10396,345496.8
2/9/2008,2496.856,10484.8,211.304,5694,1997,12553,346494.05
3/9/2008,900.91,3798.6,119.624,0,506,4778,347299.48
4/9/2008,1717.112,7240.6,144.166,1765,2623,10421,347100.89
5/9/2008,1982.576,8227.8,106.47,1191,200,12251,349749.55
6/9/2008,2643.61,11034.2,135.072,1099,9189,14816,348076.92
7/9/2008,2034.966,8320.8,171.948,3293,282,11473,354829.27
8/9/2008,2072.874,8747.2,189.87,3527,2332,11548,346263.79
9/9/2008,1633.85,6895.4,112.274,0,307,8523,346680.56
10/9/2008,1316.184,5481.6,155.402,2111,262,3983,346974.25
11/9/2008,2740.314,11575.2,167.458,5905,8142,17083,346500.54
12/9/2008,2142.092,8981.6,142.83,1865,4133,12335,347020.77
13/9/2008,2066.442,8695,223.824,2171,4778,13275,347572.67
14/9/2008,1930.022,8167.4,197.656,5420,682,10266,349319.12
15/9/2008,1262.9,5529.2,293.258,1670,3626,4499,348180.83
16/9/2008,1673.656,7251.4,212.658,6575,463,11129,344467.06
17/9/2008,1164.156,4902,175.4,0,2673,6788,348469.19
18/9/2008,1894.598,7970.8,182.732,1925,375,7380,346533.79
19/9/2008,1579.914,6560.8,158.406,0,635,12902,348379.26
20/9/2008,1120.062,4807.6,117.28,0,468,9060,337956.35
21/9/2008,1324.112,5640,190.326,1989,474,9251,346695.14
22/9/2008,1575.15,6636.2,212.396,1553,1278,12563,347067.51
23/9/2008,1294.396,5468.8,167.694,1073,381,10113,348133.03
24/9/2008,806.946,3601.2,222.546,932,2400,3711,346427.92
25/9/2008,1734.254,7393.2,239.028,940,5823,12828,344827.31
26/9/2008,855.142,3646.4,161.526,1039,412,6002,347452.93
27/9/2008,1660.89,7124.6,169.68,3824,3525,11179,346973.75
28/9/2008,1060.248,4739.8,236.158,428,512,7756,337329.54
29/9/2008,1156.478,5014.2,172.45,1698,431,9189,344306.44
30/9/2008,813.762,3600.8,266.7,0,981,7795,349232.94
1/10/2008,1064.166,4615,244.246,2030,585,6178,348077.96
2/10/2008,642.556,2824,157.308,0,38,3296,346425.2
3/10/2008,261.298,1223.6,168.972,0,432,1577,346025.76
4/10/2008,1161.746,5044.8,262.362,3043,887,7527,346480.93
5/10/2008,1304.64,5472,0,0,0,1440,344520
6/10/2008,1238.78,5375,152.834,3130,2745,6316,344709.31
7/10/2008,1533.07,6566.8,206.262,4010,2381,8347,346953.83
8/10/2008,1417.868,6049.8,214.166,921,604,10844,347403.87
9/10/2008,1111.376,4768.6,179.714,0,679,7969,346922.85
10/10/2008,2180.494,9151.6,168.642,1054,2983,11361,347908.51
11/10/2008,2325.018,9977.4,143.462,4670,7640,7552,345736.48
12/10/2008,1237.356,5169.6,115.6,0,341,8246,351369.15
13/10/2008,1790.626,7463.8,156.858,699,352,14512,348264.25
14/10/2008,1652.896,6920.4,116.41,0,299,13027,346385.38
15/10/2008,1646.01,6965.2,149.344,662,2542,8487,346774.7
16/10/2008,1399.71,5821,155.85,0,492,11074,349076.1
17/10/2008,1668.892,6887.8,148.522,1106,478,12697,349629.41
18/10/2008,1932.378,8145,143.108,2867,297,9001,347853.67
19/10/2008,1711.368,7271.4,124.868,1093,882,8320,345213.81
20/10/2008,2450.976,10358.2,222.638,6774,411,16097,347151.89
21/10/2008,2041.536,8660.4,142.354,4855,2110,10136,345883.85
22/10/2008,2341.338,9897,186.906,3151,350,11131,347305.75
23/10/2008,2611.264,10934.6,141.314,3819,4550,12673,348689.57
24/10/2008,2015.808,8434.2,124.87,2157,391,10433,348284.87
25/10/2008,1888.022,7726.6,153.362,0,285,15829,353863.35
26/10/2008,3375.57,14219.8,138.074,1409,4129,12285,343613.09
27/10/2008,1732.564,7279.6,121.688,1167,1985,10101,347667.5
28/10/2008,2238.478,9410,175.828,3816,8576,7133,347495.48
29/10/2008,1474.036,6213.6,160.624,1393,2167,10159,346434.47
30/10/2008,1454.978,6081.2,113.826,353,736,10462,348139.48
31/10/2008,2053.516,8669.2,185.68,3322,588,12405,347921.5
1/11/2008,1689.17,7128.8,130.28,2017,3778,9015,347799.76
2/11/2008,1618.59,6749.4,171.556,1142,557,13859,347556.66
3/11/2008,2233.714,9631.4,267.194,4264,2287,11102,345036.79
4/11/2008,1627.676,6872.4,193.15,971,5093,10603,346981.99
5/11/2008,1496.198,6296.8,203.908,1024,1203,13265,347435.79
6/11/2008,1460.904,6143,186.65,1062,653,12492,346674.27
7/11/2008,1132.852,4895.8,128.916,931,3966,3984,339092.03
8/11/2008,976.868,4256.6,169.816,996,440,6475,344880.28
9/11/2008,1074.806,4609.4,237.242,982,1207,8078,348431.81
10/11/2008,2095.772,8865.4,212.698,2278,2441,17454,344956.47
11/11/2008,566.294,2602.6,208.526,0,951,3482,346803.31
12/11/2008,1566.416,6730.6,294.144,4705,1175,10652,344223.53
13/11/2008,1094.098,4634,162.124,0,449,11148,347331.3
14/11/2008,1520.588,6597.6,209.434,968,6176,9230,346586.29
15/11/2008,1377.26,6089,218.756,7091,2136,5573,339785.36
16/11/2008,740.242,3272.6,161.128,0,430,4886,345125.24
17/11/2008,739.532,3258,238.48,0,681,3965,348594.36
18/11/2008,1164.446,5041.6,311.284,0,2151,5604,347313.29
19/11/2008,1209.808,5142.6,154.288,3048,1836,7241,346776.94
20/11/2008,267.124,1255.8,174.654,0,438,1614,346870.43
21/11/2008,1548.738,6855.4,417.834,4544,3203,8549,347217.46
22/11/2008,1260.266,5305.8,24.648,0,54,1588,345039.02
23/11/2008,1176.172,5061.8,183.432,944,1311,7688,344855.57
24/11/2008,1358.564,5778.2,151.524,1014,2448,10227,345901.19
25/11/2008,1246.536,5326.8,207.256,937,597,8502,347302.12
26/11/2008,1510.394,6434,188.33,2472,1167,11768,346543.24
27/11/2008,1777.64,7575.6,138.28,0,1064,5061,349578.08
28/11/2008,1882.308,7949.2,107.984,1116,387,13359,346906.15
29/11/2008,1910.536,7964.4,126.298,2078,295,12146,349587.29
30/11/2008,2611.502,11043,260.606,3154,4086,16039,346791.98
1/12/2008,1958.404,8229.6,128.3,1067,5186,10680,347374.51
2/12/2008,1830.494,7739.4,161.208,815,1435,10587,346174.62
3/12/2008,1757.45,7408.6,196.704,3180,495,11696,347178.65
4/12/2008,2293.236,9633.2,213.112,3737,3883,13465,348830.69
5/12/2008,2522.618,10570.6,138.912,2168,6181,13685,346640.21
6/12/2008,3406.78,14469.6,207.018,3631,8823,10290,344377.4
7/12/2008,1471.122,6100.8,148.338,0,402,8230,349549.51
8/12/2008,1577.536,6731.2,137.45,1871,458,7611,346428.76
9/12/2008,4773.386,20200.4,221.47,2669,425,14726,345795.95
10/12/2008,2409.048,10055.2,176.272,1971,3091,11962,349283.43
11/12/2008,1798.088,7561,151.08,2666,2115,8326,348149.59
12/12/2008,1455.2,5934.8,135.416,1143,284,11205,355505.71
13/12/2008,1313.48,5508.6,149.344,0,503,10786,346587.79
14/12/2008,1836.474,7792.2,132.504,1684,2250,10074,345122.86
15/12/2008,2733.656,11337.2,129.8,1212,3744,12471,347386.87
16/12/2008,1461.28,6126.6,168.058,0,3001,8806,348457.94
17/12/2008,1309.008,5477.4,119.488,1127,777,8369,347969.49
18/12/2008,2325.99,9778.4,152.446,6279,2112,13878,349419.78
19/12/2008,1296.45,5456.8,120.122,1078,310,5999,348557.26
20/12/2008,1822.162,7733.4,186.634,2892,1153,13107,347279.47
21/12/2008,1054.566,4700.4,135.64,1402,506,6005,341619.33
22/12/2008,1357.328,5713.2,189.502,1380,492,8406,347776.33
23/12/2008,1141.46,4899.2,175.454,1068,395,5511,347752.28
24/12/2008,1180.536,4946.8,177.164,0,623,10981,347922.6
25/12/2008,1464.936,6332.4,165.878,956,3792,8119,338129.99
26/12/2008,1484.916,6276.4,178.958,0,1390,14734,344878.35
27/12/2008,1530.598,6472,193.25,480,1844,12579,346418.52
28/12/2008,1487.556,6333.2,253.1,864,416,9541,346594.1
29/12/2008,477.566,2211.4,193.12,0,786,2402,346059.31
30/12/2008,1251.796,5460.4,210.956,2600,581,10124,344070.22
31/12/2008,1039.214,4428.2,163.872,1010,1261,8186,347347.1
1/1/2009,1442.064,6311.8,296.482,5740,1500,10188,345597.96
2/1/2009,991.018,4429.4,143.77,1747,1288,3847,337681.25
3/1/2009,942.63,4103.2,162.392,1233,454,6325,345738.41
4/1/2009,1030,4396,218.91,926,622,9064,348398.38
5/1/2009,1176.158,5073.6,285.28,897,2106,8295,345431.4
6/1/2009,1112.312,4795.6,157.954,2502,259,5342,346532.12
7/1/2009,254.642,1196.4,169.422,0,419,1485,348685.43
8/1/2009,1066.708,4795.8,371.828,949,819,6994,347839.88
9/1/2009,765.658,3352.2,206.796,0,565,6106,348545.41
10/1/2009,1417.97,6163.2,242.974,2831,1929,7382,344880.62
11/1/2009,1232.788,5305.2,165.128,0,2168,7920,345864.04
12/1/2009,1636.61,6947.6,235.964,2085,978,12884,346675.11
13/1/2009,1449.862,6088,164.938,1021,755,12002,346643.28
14/1/2009,2987.854,12576.4,178.06,3464,2480,11744,347699.08
15/1/2009,1645.022,7038.6,104.306,1107,320,5935,346722.09
16/1/2009,2200.77,9203.2,169.974,5096,4492,8322,350281.09
17/1/2009,2269.42,9511.4,175.238,3496,2760,11046,348114.49
18/1/2009,1865.636,7881.4,146.782,4459,364,9115,346763.91
19/1/2009,2133.226,9024.4,168.014,7893,2277,10284,346195.72
20/1/2009,2614.408,11028.2,218.464,6202,518,15941,345446.19
21/1/2009,2392.992,10041.4,269.592,1982,7573,13238,349950.2
22/1/2009,1899.054,7938.2,150.512,1573,4131,13451,348195.95
23/1/2009,3212.998,13371,121.618,1063,510,13378,346117.66
24/1/2009,2128.856,8899,153.82,2491,4579,9086,348446.2
25/1/2009,1796.248,7559.4,132.46,1096,2848,12224,345644.59
26/1/2009,2550.012,11002.2,149.9,1703,5082,6891,348029.91
27/1/2009,2257.848,9431.6,149.754,2985,2316,14350,349416.61
28/1/2009,1269.638,5232.4,115.318,0,364,9981,351303.3
29/1/2009,2905.894,11942.8,203.66,5184,5575,15198,354002.57
30/1/2009,714.922,3003.6,122.202,0,363,3562,345402.87
31/1/2009,1263.008,5240,107.332,754,332,11447,346144.03
1/2/2009,1783.144,7441.4,123.346,0,1602,14512,346878.61
2/2/2009,1914.278,7953.2,150.128,2260,1682,14315,347710.75
3/2/2009,2968.43,12532.8,191.024,3707,5797,16382,345174.44
4/2/2009,1976.272,8292.4,131.13,1131,5989,7026,349496.3
5/2/2009,1661.712,7047.8,146.836,1710,352,10149,349177.1
6/2/2009,1994.752,8354.8,209.558,1075,5832,12817,346643.53
7/2/2009,1032.1,4528.6,135.264,1125,527,6680,338896.69
8/2/2009,1043.772,4403.6,171.924,1263,522,5296,346471.67
9/2/2009,1194.048,5083,180.82,0,383,9677,348177.72
10/2/2009,1518.418,6603,306.838,4445,1483,8223,347783.21
11/2/2009,1154.388,4985.4,135.56,955,4116,4746,339186.33
12/2/2009,1580.176,6723.4,285.55,1027,569,12833,346643.86
13/2/2009,1287.786,5429.6,177.2,45,446,10256,348505.87
14/2/2009,1341.332,5718.4,228.04,1875,2467,7746,347090.54
15/2/2009,714.656,3179,179.362,0,791,3449,347230.39
16/2/2009,1754.452,7577.6,253.022,2779,3489,14271,342598.16
17/2/2009,1534.874,6503.2,194.322,3059,1239,14275,346373.54
18/2/2009,1095.78,4715.4,230.782,973,883,8090,346765.66
19/2/2009,825.284,3673.4,112.81,0,1607,5599,338922.78
20/2/2009,1093.45,4639,185.882,837,476,8344,345432.62
21/2/2009,561.738,2529.4,208.536,0,630,4128,348121.19
22/2/2009,921.668,4012,285.854,0,2096,3892,346027.49
23/2/2009,1656.504,7108,262.812,1891,3784,9944,346312.51
24/2/2009,254.716,1190,163.91,0,404,1523,347923.32
25/2/2009,1252.254,5431.4,285.104,2279,737,8247,347134.37
26/2/2009,722.948,3247,175.458,0,541,5712,347915.75
27/2/2009,1354.53,5873.4,197.624,929,3935,7955,343584.87
28/2/2009,1718.35,7245.6,173.472,2019,4730,10548,345781.14
1/3/2009,1426.258,6098.4,224.076,1051,621,10374,346157.62
2/3/2009,1327.992,5650,185.256,1739,773,8666,346447.76
3/3/2009,1596.344,6666.2,144.16,1158,262,11239,350531.08
4/3/2009,2239.856,9423.4,119.626,0,2421,11409,346615.84
5/3/2009,2843.664,11738,147.766,3971,5960,11213,349263.35
6/3/2009,1930.51,7992,147.674,1368,455,16136,349774
7/3/2009,1853.918,7795.6,132.2,1478,2433,7385,346280.59
8/3/2009,1596.428,6672.6,125.256,737,480,14164,346928.69
9/3/2009,2406.536,10181.2,243.182,3010,6181,13691,345492.79
10/3/2009,1163.292,4884.8,159.328,0,541,6748,349064.86
11/3/2009,1395.598,5884.8,122.776,3556,279,5678,349432.07
12/3/2009,2702.85,11266.4,150.564,3010,345,10471,346940.07
13/3/2009,1980.13,8309.2,175.476,745,5083,10596,347297.45
14/3/2009,1431.164,6004,116.128,1076,426,5072,347812.21
15/3/2009,2743.12,11450.2,240.28,6620,1962,5795,350495.9
16/3/2009,2694.968,11219,151.812,4588,3368,9084,349892.45
17/3/2009,1061.118,4375.6,116.882,0,285,3598,350255.61
18/3/2009,2127.648,8823.8,192.384,3371,3895,14288,350767.15
19/3/2009,501.74,2105.6,113.736,0,329,1660,348021.43
20/3/2009,504.488,2096,91.72,0,321,1856,345277.45
21/3/2009,1169.844,4914,113.07,1092,274,7359,347330.83
22/3/2009,1880.204,7784.4,130.878,0,474,15120,347015.76
23/3/2009,3336.506,13992,236.1,4630,3600,9358,345650.11
24/3/2009,2015.856,8453.6,127.832,2246,3677,13494,348679.03
25/3/2009,1838.774,7708.4,194.036,2780,3315,10287,350082.81
26/3/2009,1679.884,6974.2,186.758,0,611,13797,348861.82
27/3/2009,1264.162,5555.6,164.736,0,1469,8812,338315.2
28/3/2009,1267.734,5328,162.224,824,2004,9400,347050.3
29/3/2009,2022.284,8548,235.592,2007,3901,13225,346332
30/3/2009,1542.742,6511,238.99,0,2350,7595,346552.67
31/3/2009,1614.22,7003.4,174.588,8060,586,6539,337603.97
1/4/2009,2048.504,8836.6,290.416,4307,8811,6016,345521.73
2/4/2009,1354.096,5762.6,183.162,920,966,9930,343340.5
3/4/2009,1198.626,5171,203.866,474,451,10439,345978.79
4/4/2009,1072.202,4680,197.27,1985,3621,4816,346208.06
5/4/2009,1261.77,5631.8,290.626,2773,569,9402,344008.66
6/4/2009,771.362,3332,183.966,0,495,6224,347296.25
7/4/2009,1099.438,4782.4,218.734,0,689,10466,346363.99
8/4/2009,472.56,2130.2,108.234,0,151,2333,339323.11
9/4/2009,865.534,3770.4,182.714,1168,492,6731,344242.39
10/4/2009,536.688,2422.4,195.46,0,577,3716,348619.78
11/4/2009,1130.41,4850.8,258.166,0,3732,7549,346002.45
12/4/2009,1150.88,5117.4,272.548,4149,2191,5678,345398.15
13/4/2009,250.298,1164,163.87,0,422,1436,347722.52
14/4/2009,943.61,4160.4,276.826,1140,755,6291,347774.2
15/4/2009,980.408,4240.6,161.132,969,522,8959,347207.48
16/4/2009,1764.342,7497.2,130.078,916,2253,9820,342863.44
17/4/2009,1131.22,4815,173.77,1012,751,8485,346018.07
18/4/2009,1161.016,5016.4,207.896,0,594,9694,347649.01
19/4/2009,281.79,1180.8,86.316,0,150,2100,348672.53
20/4/2009,1617.972,6798.8,142.902,1163,261,8238,349591.38
21/4/2009,2834.988,12048,168.422,4925,311,15606,345254.7
22/4/2009,1674.472,6961.6,113.276,1121,348,9821,350208.39
23/4/2009,2067.564,8501,130.93,526,395,16243,350408.85
24/4/2009,1437.568,6286.8,109.676,0,348,5766,346580.43
25/4/2009,523.492,2158.8,115.53,0,360,2013,348657.79
26/4/2009,1112.344,4664.4,160.216,475,468,5788,347803.82
27/4/2009,945.904,3960.6,173.266,0,2488,4989,352642.98
28/4/2009,1569.716,6626,117.05,1088,288,8926,347207.75
29/4/2009,1515.954,6273.2,119.996,909,304,10002,349057.29
30/4/2009,1599.626,6640.2,141.542,2262,407,10069,349406.59
1/5/2009,1488.104,6259.8,120.826,1080,385,9989,303487.57
2/5/2009,3934.11,16341,165.102,1086,2533,14979,347940.63
3/5/2009,2580.28,10693.6,140.314,1109,2773,9480,349045.05
4/5/2009,1223.732,5041,124.222,1121,279,7796,351869.27
5/5/2009,2183.618,9081.2,160.884,1186,4294,16047,349150.63
6/5/2009,568.484,2388.8,108.28,0,331,2830,347433.97
7/5/2009,507.12,2101,84.59,0,295,2013,344927.99
8/5/2009,1156.852,4842.8,112.6,0,268,6841,346654.61
9/5/2009,2120.156,8840.6,139.31,1146,2454,14821,346212.91
10/5/2009,1416.082,6023.6,160.966,1088,344,9096,347525.01
11/5/2009,1633.472,6858.8,133.598,2547,3831,7547,349646.11
12/5/2009,1211.004,5042.4,119.75,0,312,8596,349827.49
13/5/2009,1651.284,6910.2,205.882,1078,682,12547,347765.8
14/5/2009,1275.466,5650.2,163.606,1324,1845,7163,338093.71
15/5/2009,903.166,3793,168.696,0,634,3586,346741.29
16/5/2009,1781.626,7548.6,229.618,3053,3017,10561,348285.49
17/5/2009,1082.716,4563.6,166.42,1038,460,7635,347373.19
18/5/2009,1512.248,6570.4,174.24,2373,2754,8628,338500.64
19/5/2009,1289.71,5658.8,220.698,985,666,9284,346123.71
20/5/2009,1338.898,5817.6,126.784,1191,866,10100,333783.77
21/5/2009,1387.884,6026.4,241.61,914,4500,8530,344942.2
22/5/2009,944.908,4143,182.42,971,1334,5231,345736.09
23/5/2009,1056.02,4624,217.414,921,572,8971,344666.02
24/5/2009,1277.322,5531,238.866,1826,538,9952,346378.71
25/5/2009,981.62,4323.8,294.49,921,1221,7939,347752.6
26/5/2009,924.5,4087,115.092,975,3633,4346,338318.96
27/5/2009,815.684,3592,213.318,0,948,6243,345641.32
28/5/2009,543.016,2473,239.798,0,1019,3799,349426.66
29/5/2009,884.15,3828,177.86,0,2246,4147,346950.19
30/5/2009,1314.906,5778.2,299.388,1541,3645,5658,345529.32
31/5/2009,257.564,1205.6,166.566,0,420,1533,347212.15
1/6/2009,1136.546,4943.2,269.214,2131,1516,7860,348159.54
2/6/2009,757.252,3312.8,178.094,0,538,5078,348211.89
3/6/2009,1829.532,7763,169.228,1058,9417,5695,344764.49
4/6/2009,1431.45,6105,211.572,1221,370,10890,346166.82
5/6/2009,1556.254,6602.8,288.042,1943,571,14581,347297.05
6/6/2009,210.24,864,69.12,0,0,1440,349056
7/6/2009,2044.072,8567.8,148.242,1170,3896,12374,347927.86
8/6/2009,2381.766,10058.2,140.758,3725,3818,7367,347477.29
9/6/2009,1425.03,6001.8,135.636,896,278,6608,351270.15
10/6/2009,2760.902,11505.8,148.762,2044,6403,18154,348459.99
11/6/2009,1785.688,7645.2,109.186,1374,4856,8949,345889.74
12/6/2009,523.892,2173.2,128.978,0,402,1967,348808.4
13/6/2009,1116.756,4708.8,173.798,579,449,8367,347389.58
14/6/2009,1260.278,5217,153.832,0,2058,8269,354396.54
15/6/2009,2801.012,11745,139.994,1063,11020,15111,347502.38
16/6/2009,2362.218,9851.2,126.218,2491,330,12440,347673.62
17/6/2009,1380.026,5704,133.052,0,396,11599,348276.7
18/6/2009,1528.76,6505.2,178.902,0,314,6976,351025
19/6/2009,2532.198,10650,190.582,4122,1490,7960,348640.72
20/6/2009,2972.164,12141.8,118.132,0,244,12209,350369.13
21/6/2009,2195.452,9165.2,207.164,4218,318,12450,349439.1
22/6/2009,518.112,2195.4,113.204,0,314,1924,349839.75
23/6/2009,566.72,2353.2,86.168,0,326,2969,344957.79
24/6/2009,2028.918,8501,202.116,1154,246,14831,346990.59
25/6/2009,1765.056,7417.2,152.39,3743,441,14358,347824.02
26/6/2009,1105.14,4747,151.726,0,3019,3697,346466.85
27/6/2009,1370.822,5703.6,116.44,0,356,9022,348617.58
28/6/2009,1713.926,7221.8,181.074,1103,526,9947,349385.25
29/6/2009,1847.97,7766.6,195.092,1067,3080,12483,346194.1
30/6/2009,1094.332,4770,161.928,1772,545,4756,338711.28
1/7/2009,1008.24,4267.8,198.118,693,588,5488,346906.49
2/7/2009,1351.628,5766,160.408,995,376,7021,347041.77
3/7/2009,1250.94,5206.8,162.28,0,545,8539,348589.39
4/7/2009,2153.808,9369.4,219.894,4366,5534,10444,338268.15
5/7/2009,1708.7,7354.6,207.466,0,5352,11478,344722.85
6/7/2009,1544.292,6729.8,124.902,1052,2355,11076,332845.88
7/7/2009,1323.342,5632.2,195.836,932,443,10669,345486.17
8/7/2009,1480.826,6378,206.998,2603,6451,7270,345252.11
9/7/2009,1755.152,7540.8,262.008,4159,2372,10163,344066.38
10/7/2009,1709.052,7240.6,271.624,2663,2432,13468,348212.37
11/7/2009,1139.964,5018.8,304.71,2665,764,7690,345524.37
12/7/2009,1202.514,5217.6,120.456,1837,49,7157,339197.3
13/7/2009,1147.396,5058,233.138,1063,858,8385,343398.47
14/7/2009,688.566,3142.2,321.95,0,2062,5202,349240.45
15/7/2009,952.36,4070.8,174.73,907,523,4042,345067.34
16/7/2009,1211.73,5315.4,299.084,2305,1229,6344,345489.96
17/7/2009,258.114,1199.8,165.872,0,399,1539,346430.11
18/7/2009,749.466,3337.4,251.206,0,664,4283,347958.9
19/7/2009,2030.65,8631.4,304.318,930,7583,12707,346837.62
20/7/2009,1392.6,5872,150.71,1066,643,7324,344976.56
21/7/2009,2127.446,9012.4,257.04,4347,2584,12688,345810.93
22/7/2009,1410.472,6048.8,230.484,1817,4571,8554,347359.4
23/7/2009,210.24,864,69.12,0,0,1440,349056
24/7/2009,3092.35,13152.4,153.606,3466,3997,12062,346035.05
25/7/2009,2308.196,9748.2,107.836,1142,280,12792,346272.16
26/7/2009,2721.734,11276.6,116.02,2301,6949,14285,349966.4
27/7/2009,2110.234,8731.2,158.52,2032,504,14987,350278.61
28/7/2009,512.158,2138.8,92.298,0,283,1765,346847.12
29/7/2009,1327.29,5548.6,145.076,2263,362,5090,347510.58
30/7/2009,1268.708,5312.8,164.972,1044,463,9318,347627.74
31/7/2009,1463.326,6048.2,187.24,1103,2627,9087,354605.61
1/8/2009,1644.94,6876.8,115.442,1182,769,7810,349768.52
2/8/2009,1885.964,7789.8,128.426,1113,295,11361,350015.78
3/8/2009,1858.95,7784.8,225.218,3199,386,14350,347898.89
4/8/2009,2072.638,8764.2,208.876,2207,4419,9176,350306.4
5/8/2009,3113.052,13004,206.8,1980,8554,15823,348889.65
6/8/2009,1570.642,6364.8,112.248,1953,217,5291,352166.95
7/8/2009,2094.098,8688,181.668,2175,2063,14934,351039.76
8/8/2009,520.774,2201,113.372,0,340,1973,348709.81
9/8/2009,509.184,2112.4,83.248,0,281,2028,345318.15
10/8/2009,1630.75,6961.4,212.588,1145,5358,8006,349052.08
11/8/2009,711.666,2968.2,134.068,0,487,2952,349297.15
12/8/2009,2333.898,9870.6,196.518,1122,8527,13888,346240.24
13/8/2009,1885.424,7889.8,137.64,2325,3605,11581,348945.61
14/8/2009,2260.976,9508.8,276.7,4527,327,12225,348675.29
15/8/2009,1798.214,7666.4,260.428,1083,7895,7118,347577.92
16/8/2009,720.886,3219.2,298.012,0,18,0,340138.27
17/8/2009,659.052,2809,167.118,0,621,2786,347008.98
18/8/2009,1706.386,7285,160.366,2068,371,11469,348465.78
19/8/2009,867.858,3673.6,182.684,0,578,6035,349228.55
20/8/2009,1637.468,7087.6,151.1,4554,473,9586,338265.47
21/8/2009,1114.372,4824.8,235.644,3138,512,6709,347504.68
22/8/2009,1179.736,5058.6,128.786,1502,421,9049,336531.4
23/8/2009,1398.164,5902.6,162.47,1020,413,11616,345656.99
24/8/2009,1295.438,5601,217.446,0,4368,9541,344770.08
25/8/2009,1208.8,5307.8,210.954,0,2000,7932,344365.03
26/8/2009,1059.394,4621,277.824,0,1421,6742,348247.34
27/8/2009,1471.34,6296.4,280.888,0,809,12516,346217.78
28/8/2009,1621.862,7116,178.73,907,10265,6559,339130.42
29/8/2009,825.804,3707,198.514,0,509,5963,345590.92
30/8/2009,902.85,3986,252.766,0,4899,4353,348798.83
31/8/2009,862.654,3720.2,182.866,801,544,7232,346041.01
1/9/2009,997.004,4314.4,181.114,1038,2468,5483,344951.82
2/9/2009,268.246,1260,174.098,0,432,1631,346381.42
3/9/2009,1118.842,4856,246.89,1778,1125,7485,346859.19
4/9/2009,1442.856,6165.8,237.504,2086,549,12983,349294.84
5/9/2009,1680.498,7191.6,222.718,996,3722,9952,344825.9
6/9/2009,1731.104,7314.6,163.968,1920,385,11242,346000.92
7/9/2009,1299.456,5465.4,193.198,0,603,10797,348085.93
8/9/2009,638.764,2658.4,81.184,944,181,2055,348437.7
9/9/2009,1982.664,8336,165.696,1123,294,15254,346938.62
10/9/2009,2676.024,11292.8,117.176,1487,6199,11077,346497.27
11/9/2009,1573.698,6527,104.306,0,294,8996,350442.5
12/9/2009,2092.99,8609.2,147.674,1488,851,18061,350831.24
13/9/2009,545.428,2267.2,86.998,0,269,2749,347318.36
14/9/2009,1612.576,6630.2,133.282,1037,345,4015,348177.02
15/9/2009,1981.44,8428.8,251.842,765,4125,5677,346099.48
16/9/2009,1204.422,5057.2,195.72,1075,726,3911,353870.07
17/9/2009,1719.452,7222.6,118.71,2031,283,8818,349534.57
18/9/2009,2434.668,10157.2,166.51,5268,2392,12386,347386.69
19/9/2009,1650.962,6878.4,191.056,1073,3061,7828,350364.56
20/9/2009,3174.392,13350.8,196.394,1252,5162,11329,346854.68
21/9/2009,3298.956,13766.4,199.892,4836,2434,14906,346392.96
22/9/2009,555.278,2273.6,91.638,0,218,2480,352734.85
23/9/2009,2047.968,8514.2,242.05,1260,346,10205,350183.54
24/9/2009,1333.348,5576.6,88.948,0,3773,8062,342775.43
25/9/2009,1590.406,6734.6,198.696,1162,460,10724,346372.83
26/9/2009,2471.15,10381.4,175.068,5153,375,17240,347405.11
27/9/2009,2216.65,9242.4,137.094,1611,4024,9502,349269.94
28/9/2009,1622.738,6806,207.082,0,636,15420,347791.08
29/9/2009,708.48,3168,299.52,0,0,0,340185.6
30/9/2009,1972.616,8309.8,215.356,1402,5411,10481,346617.94
1/10/2009,1664.68,6996.2,141.616,1043,2492,9372,348748.62
2/10/2009,1103.724,4602.4,173.714,12,679,8102,348882.01
3/10/2009,1061.34,4618.4,113.244,0,1907,4332,339399.86
4/10/2009,1135.076,5005,186.832,1004,507,8703,342252.23
5/10/2009,1242.846,5232.2,147.15,1005,434,10112,347844.53
6/10/2009,2049.808,8698.4,205.612,4057,400,16635,345890.46
7/10/2009,1304.442,5674.4,206.194,4363,667,6797,345858.46
8/10/2009,749.352,3356.8,183.664,955,535,3896,345831.33
9/10/2009,1010.134,4358,236.026,1794,598,6462,348327.11
10/10/2009,1368.008,5991.6,322.932,1746,1980,8263,346091.28
11/10/2009,321.116,1488.2,118.576,0,0,1288,339425.33
12/10/2009,1166.558,5242.8,208.384,1571,530,5802,345958.39
13/10/2009,902,3904.4,185.468,869,749,7549,347760.68
14/10/2009,549.104,2433.2,177.266,0,537,4158,346153.73
15/10/2009,747.992,3282.6,175.426,957,562,4932,346672.79
16/10/2009,267.588,1260,171.186,0,430,1599,346083.05
17/10/2009,1388.414,6024.2,315.52,905,1483,11707,347004.47
18/10/2009,1668.48,7110.4,191.694,3005,534,13095,347051.44
19/10/2009,2296.522,9782.2,182.122,4085,7457,8190,344361.76
20/10/2009,1501.738,6349.6,199.432,1014,363,10677,345980.19
21/10/2009,1146.398,4887.2,199.878,1031,603,7322,346892.18
22/10/2009,1684.426,7026,139.41,1579,648,13047,347361.71
23/10/2009,1014.054,4340.2,196.728,0,344,4765,350722.21
24/10/2009,1510.108,6338.4,121.182,1130,846,6671,350031.54
25/10/2009,1913.496,7964.4,174.912,6440,328,10439,350901.3
26/10/2009,2083.454,8703.6,191.61,3842,4920,10074,350992.12
27/10/2009,1280.454,5472,157.738,979,5024,3692,344535.94
28/10/2009,1612.58,6833.8,158.598,4801,349,9432,345372.49
29/10/2009,1716.74,7272.6,255.396,3644,920,14480,346516.35
30/10/2009,1830.684,7773.8,202.814,5000,2564,7738,348383.29
31/10/2009,492.55,2065.4,88.124,0,282,1936,345874.33
1/11/2009,847.6,3837.6,115.248,963,347,1892,348141.77
2/11/2009,2266.688,9549.8,241.762,2009,3951,9025,347244.38
3/11/2009,1293.298,5413.8,176.264,1021,1108,6529,351761.09
4/11/2009,1762.06,7438.4,131.914,1141,299,10428,347154.61
5/11/2009,1755.164,7300.2,124.722,1137,302,9664,350472.57
6/11/2009,1479.688,6182.4,145.222,1039,402,9906,350329.1
7/11/2009,4029.722,17015,245.824,4746,4573,17834,344030.68
8/11/2009,2084.568,8835.4,153.708,2319,4435,8452,346090.64
9/11/2009,1868.39,7695.2,123.01,703,878,14984,351795.92
10/11/2009,2903.014,12052.8,183.692,2234,8423,21130,349038.83
11/11/2009,819.122,3457.6,134.992,0,347,4597,347454.84
12/11/2009,1040.55,4287.6,114.334,0,2207,1755,346106.86
13/11/2009,1848.952,7699.8,127.904,1159,268,13024,349772.19
14/11/2009,935.834,3935.6,120.934,0,425,7221,347344.47
15/11/2009,1642.82,6978.6,168.76,3630,1042,7637,346327.14
16/11/2009,1128.756,4724.4,121.236,0,422,6901,346599.71
17/11/2009,1363.26,5735.4,132.598,0,326,8556,348209.12
18/11/2009,1805.278,7446.2,206.65,1778,648,17694,350279.9
19/11/2009,1090.238,4763,150.942,1906,1725,7836,338594.24
20/11/2009,1289.6,5473.4,202.004,996,541,6535,346800.51
21/11/2009,1608.878,6857.2,179.698,3207,2593,7226,348575.52
22/11/2009,1411.302,5988.8,153.192,980,534,11825,341549.63
23/11/2009,2108.026,9148.2,182.458,4985,7529,8334,338057.82
24/11/2009,1597.816,6975.6,173.938,2897,2608,9265,337179.18
25/11/2009,1356.578,5870.4,200.926,940,1370,11577,346184.53
26/11/2009,1394.186,5982,164.036,2916,451,12304,345952.09
27/11/2009,1059.912,4652.2,180.338,467,3214,4695,345869.19
28/11/2009,1098.36,4814.2,213.748,958,2569,7410,345075.11
29/11/2009,864.148,3794.6,245.996,856,642,7371,348369.62
30/11/2009,1120.074,4926.6,314.906,0,968,6151,347524.24
1/12/2009,1063.364,4618.4,125.388,958,0,9139,337659.27
2/12/2009,504.782,2270.4,166.052,0,499,3926,341358.39
3/12/2009,500.298,2254.4,197.3,0,605,3811,348364.9
4/12/2009,615.212,2668.4,177.116,0,527,4096,347762.45
5/12/2009,1038.922,4508.2,188.422,621,2515,5323,345053.3
6/12/2009,1388.486,5930.8,179.288,1326,1902,10213,345642.42
7/12/2009,1251.188,5417.4,213.438,3319,3099,5011,347515.3
8/12/2009,1346.414,5721.8,168.596,940,523,9747,346368.49
9/12/2009,1707.798,7240.6,180.934,1123,1424,8149,348250.86
10/12/2009,1640.646,6950,116.47,0,261,7261,347925.1
11/12/2009,2059.038,8521.8,120.094,1622,280,12147,351777.36
12/12/2009,2842.728,11962.4,235.996,3240,7544,17891,348594.33
13/12/2009,811.008,3386,89.84,0,1935,4256,346501.33
14/12/2009,1098.6,4713.6,123.028,0,345,2619,348599.94
15/12/2009,1493.358,6267,168.534,1779,2005,8828,347731.68
16/12/2009,2152.7,8969.8,195.32,2353,614,15303,350305.01
17/12/2009,2331.728,9730.4,147.28,0,7941,13601,350622.36
18/12/2009,2401.388,10016,170.904,1161,3481,11474,349019.37
19/12/2009,1745.19,7232.2,153.382,1080,361,12039,351020.6
20/12/2009,2801.738,11976.6,312.756,3148,7929,12516,346372.31
21/12/2009,2558.916,10750.6,178.436,3595,3597,13485,348622.81
22/12/2009,1195.238,4898.6,113.206,0,245,7145,352278.96
23/12/2009,2451.11,10322.6,266.794,5284,4539,12484,347115.21
24/12/2009,1402.394,6033,181.128,1094,468,8217,347096.49
25/12/2009,2146.392,9039.6,175.97,5045,1315,9769,347275.81
26/12/2009,1477.452,6198.8,131.324,1085,295,9901,349529.07
27/12/2009,1906.454,8116.6,280.718,1760,571,13765,347161.85
28/12/2009,845.91,3766.6,251.43,1214,500,1131,339396.5
29/12/2009,1101.726,4634.8,171.556,1057,590,6653,347664.45
30/12/2009,1834.762,7666.4,138.056,1027,363,15305,348342.24
31/12/2009,1118.628,4785,208.394,2695,659,6969,348217.45
1/1/2010,1609.866,6953,147.058,2250,5948,7804,338157.21
2/1/2010,1397.244,6052.2,182.218,0,3019,11298,346397.32
3/1/2010,1659.106,7060.4,233.688,2787,1707,11557,347275.31
4/1/2010,1665.7,7059,176.892,2405,2976,9708,346272.5
5/1/2010,1335.314,5719,188.354,3049,792,8376,345616.72
6/1/2010,804.196,3570,189.526,0,521,6819,346141.61
7/1/2010,1192.446,5244.8,283.15,582,1034,8989,348398.79
8/1/2010,1384.136,5895,238.588,398,806,5214,346479.78
9/1/2010,466.816,2112.8,129.492,0,0,2528,339163.53
10/1/2010,1299.908,5853.8,227.536,2548,773,6278,344283.25
11/1/2010,792.326,3471.4,198.206,0,2304,4040,349112.18
12/1/2010,551.26,2441,172.854,0,534,4087,345670.68
13/1/2010,1202.458,5190.2,191.048,3822,2580,4221,346425.37
14/1/2010,270.424,1276.2,177.552,0,435,1619,346340.15
15/1/2010,1668.342,7171.6,294.084,2653,1363,10648,347157.01
16/1/2010,1494.802,6310.8,180.656,940,1470,11790,347579.13
17/1/2010,1516.29,6411.6,163.588,1405,582,10225,345693.29
18/1/2010,1375.006,5795.6,155.092,998,360,7415,346440.63
19/1/2010,1776.092,7538.4,212.608,970,8080,9246,346689.25
20/1/2010,1248.278,5190,153.236,0,771,7988,348923.22
21/1/2010,2363.752,9970,185.988,0,5950,15052,345486.43
22/1/2010,1953.922,8342.4,137.576,1165,267,9437,348315.48
23/1/2010,3312.852,13871.8,238.712,8278,6575,15309,349158.79
24/1/2010,1799.196,7491.2,171.516,1715,1380,12569,350499.8
25/1/2010,1283.21,5389,107.2,0,4700,8915,346088.13
26/1/2010,1285.832,5423.6,104.348,0,312,10483,347514.87
27/1/2010,1875.942,7851.8,171.058,1773,2514,14637,346347.45
28/1/2010,1476.43,6098.6,208.082,1430,678,5589,353513.2
29/1/2010,3494.196,14687.4,150.852,0,347,6502,345451.07
30/1/2010,2216.542,9295.2,145.536,0,3457,14071,347176.5
31/1/2010,1964.188,8190.2,129.272,2975,246,11860,350347.13
1/2/2010,2211.892,9218.4,186.612,0,387,19409,346980.7
2/2/2010,3509.51,14781.2,231.504,2620,7707,17682,344535.51
3/2/2010,1377.57,5768.6,130.86,1091,411,9387,349526.94
4/2/2010,1823.482,7645,137.988,2202,2711,12958,348721.78
5/2/2010,1923.802,8154.6,201.578,1067,6313,12041,345879.61
6/2/2010,938.55,4020.2,129.586,935,477,3552,338539
7/2/2010,1641.47,7089.2,249.924,1764,2328,11858,346542.05
8/2/2010,956.89,4156.8,200.616,1466,458,5720,347696.85
9/2/2010,1340.462,5721.2,145.874,1710,2171,10461,346593.9
10/2/2010,812.332,3603.6,145.786,3277,0,3575,338277.33
11/2/2010,1392.638,6093.8,243.476,1533,2808,7588,345737.77
12/2/2010,975.83,4323.2,228.246,865,3423,6302,348294.33
13/2/2010,554.616,2471,181.73,0,548,4272,345140.43
14/2/2010,1279.822,5455.4,187.256,1200,666,8738,345579.41
15/2/2010,1502.532,6412,210.418,2056,3733,12136,345626
16/2/2010,1265.522,5504.2,219.318,960,678,9974,343789.78
17/2/2010,1365.106,5909,168.46,2099,1723,7958,347317.04
18/2/2010,3259.412,13648.6,202.302,1051,7597,10896,345240.43
19/2/2010,2291.852,9669.8,136.706,1241,5326,11752,347433.67
20/2/2010,1939.994,8111.8,167.338,1457,5251,3245,352544.3
21/2/2010,1604.132,6623.2,156.404,0,292,10812,353806.73
22/2/2010,1518.458,6414.6,138.448,2400,444,9710,344455.31
23/2/2010,2100.496,8848.6,216.2,3462,629,12573,345851.14
24/2/2010,1621.106,6933.8,225.21,3189,3499,8980,346606.36
25/2/2010,1775.96,7485,187.584,1709,722,8252,346494.9
26/2/2010,1485.686,6313,138.802,0,4387,7068,345895.95
27/2/2010,1562.316,6699.4,121.476,0,6214,4106,346755.52
28/2/2010,1801.8,7532.4,172.428,1075,4008,12246,348592.51
1/3/2010,2555.146,10794.4,252.438,6029,11193,10286,350139.21
2/3/2010,2067.636,8705,145.016,1012,5828,8561,347811.81
3/3/2010,1738.638,7234.2,113.99,1085,281,11314,350586.92
4/3/2010,1711.294,7178.6,183.222,1158,352,9134,350475.41
5/3/2010,3595.94,15214.2,186.494,3391,4597,14472,345072
6/3/2010,1628.138,6879.2,104.034,1161,252,9531,345967.5
7/3/2010,2460.924,10139.6,151.604,871,6961,15960,352348.84
8/3/2010,2316.27,9567.2,141.848,1074,532,23743,348625.14
9/3/2010,2090.7,8867.8,175.682,1476,8711,9408,345642.91
10/3/2010,1668.99,7009.4,108.958,1249,2443,9415,347078.04
11/3/2010,1842.13,7772,129.434,2214,2570,8393,349033.66
12/3/2010,682.88,2890.4,125.954,0,436,2928,349908.9
13/3/2010,2051.868,8620.2,172.318,3434,420,14748,346077.77
14/3/2010,1631.918,6806,125.306,2133,775,13246,347516.72
15/3/2010,2191.232,9211,199.728,2699,4172,16251,347688.94
16/3/2010,1690.388,7093,238.976,1097,831,12687,348116.3
17/3/2010,998.128,4432.4,174.74,2259,538,3990,339422.68
18/3/2010,1470.97,6282,209.422,2196,2872,5464,347587.89
19/3/2010,1667.882,6971.6,146.056,1007,411,11374,347666.73
20/3/2010,1516.96,6483.6,154.24,0,1018,12007,339893.32
21/3/2010,911.618,4064,223.192,1585,836,4533,338037.22
22/3/2010,1588.912,6952,152.404,1550,7682,6508,337977.32
23/3/2010,1035.66,4440.2,164.662,1906,455,6905,345614.69
24/3/2010,1420.554,6052.8,185.244,1695,397,12517,346002.68
25/3/2010,1003.41,4457.4,253.334,2329,2218,5632,346549.87
26/3/2010,942.02,4072.8,188.132,0,589,8302,345858.7
27/3/2010,1238.568,5535.6,373.902,2084,2329,6791,347252.35
28/3/2010,1538.088,6569,280.146,860,804,6597,346081.63
29/3/2010,1144.99,4971.4,139.226,552,398,7966,338770.4
30/3/2010,1126.528,4920.2,193.822,596,4677,4411,342523.11
31/3/2010,508.892,2317.6,196.38,0,607,3871,348878.14
1/4/2010,543.356,2408,179.432,0,532,4116,347613.05
2/4/2010,1584.944,6848.6,179.626,2928,3501,9821,345109.92
3/4/2010,1225.22,5262.8,151.872,2225,404,9408,343675.43
4/4/2010,1024.388,4401,181.064,0,636,8095,348498.54
5/4/2010,1743.84,7449.8,218.024,2605,734,13241,347186.8
6/4/2010,2713.364,11354.6,173.154,1483,379,7602,346313.9
7/4/2010,2183.248,9283.4,129.464,2113,286,14591,343905.04
8/4/2010,1604,6676.2,128.938,1247,322,8650,352556.32
9/4/2010,2219.78,9139.8,148.936,1785,293,16468,352110.29
10/4/2010,1394.092,5889.2,150.636,0,351,9425,343911.04
11/4/2010,1549.95,6529.2,146.296,990,3257,6071,345798.06
12/4/2010,1275.522,5326,161.54,984,542,7983,347357.55
13/4/2010,1854.624,7807.8,212.642,0,3012,12037,345483.36
14/4/2010,1500.592,6330.6,131.35,1265,397,6583,345109.12
15/4/2010,3134.93,13304.4,257.82,7597,10409,8362,344852.31
16/4/2010,1560.466,6535.6,159.064,1105,532,9868,347998
17/4/2010,1736.088,7276.8,180.498,0,790,12610,351036.05
18/4/2010,2153.12,9141.4,178.398,3422,295,10919,347368.15
19/4/2010,2058.618,8593.4,120.026,831,310,9852,349885.31
20/4/2010,2351.762,9968.4,274.112,3822,351,13324,347470.21
21/4/2010,1645.28,6941.4,147.228,896,2564,7849,346766.85
22/4/2010,2472.456,10383.2,152.786,1098,7803,13717,347006.76
23/4/2010,1649.088,6858,122.188,1104,264,12987,351151.29
24/4/2010,2098.892,8748.6,142.978,902,474,18008,348395.42
25/4/2010,2660.332,11290,205.956,5727,12109,10026,345644.51
26/4/2010,2037.208,8598,140.898,1145,9797,5529,347133.95
27/4/2010,1441.812,6124.8,112.462,0,271,9094,348018.63
28/4/2010,1133.726,4703.4,135.416,1108,351,5918,350620.29
29/4/2010,1844.078,7907.8,244.538,1086,4277,10523,347289.27
30/4/2010,1970.762,8330.2,203.684,2929,874,13644,346403.56
1/5/2010,1375.716,5921.4,183.012,3832,357,6503,348931.74
2/5/2010,1118.82,4707,165.42,1755,1436,5503,350863.41
3/5/2010,1563.052,6820,174.102,2913,2493,11303,338450.43
4/5/2010,1366.932,5756.8,185.75,1008,378,10197,346661.07
5/5/2010,1731.474,7282.4,141.914,1049,5539,10166,346778.63
6/5/2010,1805.308,7725.8,129.2,2969,2194,12183,339992.07
7/5/2010,1458.892,6429.8,255.692,4484,1027,6448,337957.58
8/5/2010,1120.078,4892.6,153.106,1747,506,8781,338635.91
9/5/2010,1230.36,5256,156.95,0,456,12515,345403.02
10/5/2010,2009.644,8777,293.99,10932,1253,12223,347184.55
11/5/2010,1057.29,4655.8,246.716,2922,770,3973,346240
12/5/2010,1469.088,6316.6,224.78,1875,6754,8365,344973.27
13/5/2010,1410.736,6206.8,383.148,3215,1438,8014,347680.19
14/5/2010,1113.99,4797.2,233.846,841,837,6913,347302.89
15/5/2010,787.098,3509,151.254,169,0,6647,338565.99
16/5/2010,827.118,3608.6,180.248,635,509,7118,343780.5
17/5/2010,518.652,2368,207.894,0,620,4042,348922.91
18/5/2010,533.476,2353.8,173.68,0,517,4013,348277.52
19/5/2010,1236.572,5324.6,148.864,0,4144,6705,344373.35
20/5/2010,873.96,3752,147.236,379,431,6943,345010.45
21/5/2010,1513.866,6524.4,270.068,2988,2248,10433,346838.8
22/5/2010,1323.018,5707.8,187.01,1609,2732,7471,348682.47
23/5/2010,1508.378,6543.2,192.188,1336,402,5678,345129.2
24/5/2010,1825.184,7761.8,116.958,1966,2445,7824,344746.5
25/5/2010,1689.862,6961,115.556,0,254,12462,352933.44
26/5/2010,1777.18,7361.4,152.08,1731,3256,11359,353138.13
27/5/2010,1756.24,7441.4,186.192,4840,347,9666,343268.23
28/5/2010,1423.782,6071.6,125.204,990,286,9562,344331.47
29/5/2010,1428.448,6006.2,179.276,1,543,8806,347299.27
30/5/2010,1315.456,5494.4,140.568,1016,527,8055,347437.8
31/5/2010,2082.378,8855.8,200.526,1105,5515,10690,343730.82
1/6/2010,1588.438,6806.4,181.468,1033,430,6734,346161.91
2/6/2010,1390.45,5804.6,169.354,0,442,11326,349298.15
3/6/2010,1805.408,7697,193.958,3255,680,9803,343339.52
4/6/2010,2487.934,10566.6,161.936,4751,318,11908,345182.54
5/6/2010,2523.836,10596,188.144,4005,5749,9048,347236.65
6/6/2010,2378.288,10056,291.892,2850,4175,12420,347427.75
7/6/2010,1273.48,5431.6,142.566,1185,405,4517,347420.39
8/6/2010,1669.54,7104.4,114.26,2114,356,8428,343315.75
9/6/2010,2048.396,8527.2,126.872,1165,273,11716,350336.06
10/6/2010,2712.986,11423.8,296.614,4324,2209,17857,347172.58
11/6/2010,1246.5,5321.8,186.148,0,1740,4700,347022.82
12/6/2010,2503.208,10389,106.184,1082,372,6965,346218.09
13/6/2010,1783.474,7579.6,128.956,1144,265,12056,346742.37
14/6/2010,794.712,3321.6,139.558,0,419,3970,349965.01
15/6/2010,1601.14,6751.6,143.214,0,5466,9166,347305.61
16/6/2010,1696.318,7122.8,150.572,1124,2615,7552,347255.43
17/6/2010,1452.634,6084.8,131.54,799,333,10141,348913.65
18/6/2010,1825.852,7572.8,170.614,1154,613,12476,349551.52
19/6/2010,2102.104,9229,182.336,3215,949,10095,337549.9
20/6/2010,1789.98,7554.2,199.596,1354,5410,12200,346018.06
21/6/2010,1349.902,5716.4,146.378,1038,1797,9058,346891.27
22/6/2010,1299.25,5504,118.704,0,301,10280,339824.32
23/6/2010,1695.572,7359.8,231.138,3330,829,11680,337854.86
24/6/2010,1217.714,5287.8,174.52,1009,506,7871,345192.39
25/6/2010,1475.45,6356.6,233.496,1769,2732,10611,346437.85
26/6/2010,1746.792,7615,291.186,7609,574,11365,347647.13
27/6/2010,1069.524,4706.8,219.35,2826,3563,4005,346463.21
28/6/2010,1805.064,7717.6,253.582,4258,5230,7536,346449.93
29/6/2010,954.26,4178.6,270.972,429,755,7142,348139.4
30/6/2010,1005.934,4328.2,192.292,0,771,8451,346362.77
1/7/2010,1089.72,4776.6,154.434,1096,0,7985,337971.95
2/7/2010,326.112,1570.2,214.504,0,513,2215,346414.79
3/7/2010,532.672,2415.4,214.786,0,659,4193,347369.4
4/7/2010,524.746,2309.2,164.584,0,507,3947,346972.66
5/7/2010,901.474,3963.2,172.026,0,3888,3461,344649.67
6/7/2010,1868.574,7955.2,238.292,2948,6500,13400,344649.28
7/7/2010,1228.63,5277.8,220.532,995,588,9031,348278.86
8/7/2010,1422.876,6058,161.204,3164,532,10174,348252.12
9/7/2010,2447.62,10487,246.074,1987,8177,12810,346899.58
10/7/2010,1695.814,7078,116.172,1288,282,10294,346671.27
11/7/2010,2080.272,8563.4,141.504,2687,3820,9979,354298.52
12/7/2010,1769.442,7300.4,115.024,1198,255,12936,352668.33
13/7/2010,2106.114,8939.4,153.178,2498,8255,10886,343909.84
14/7/2010,1726.568,7439.2,187.234,1016,419,9476,343948.13
15/7/2010,1821.834,7688.2,207.422,734,4334,9908,347345.22
16/7/2010,1809.954,7614.2,180.096,2159,543,12666,347911.54
17/7/2010,1844.758,7892.8,193.52,5042,301,6374,344973.47
18/7/2010,1619.184,6846.6,109.988,1032,389,10421,345242.57
19/7/2010,1557.176,6495,197.68,2187,408,10014,348305.16
20/7/2010,1673.816,7151,174.976,1026,621,6943,343348.54
21/7/2010,1769.016,7427.4,147.64,459,3710,10263,346566.31
22/7/2010,2466.74,10306.6,180.224,3294,310,13627,348823.5
23/7/2010,1742.638,7294.8,165.088,1132,358,10291,349262.78
24/7/2010,2328.018,9780,177.708,3299,3513,11986,347255.56
25/7/2010,1518.31,6392.6,108.706,0,295,8089,347141.59
26/7/2010,3131.536,13076.6,184.644,6822,4483,17873,348553.33
27/7/2010,1625.708,6806.6,162.466,2736,3837,5546,349465.64
28/7/2010,2375.206,9986.4,171.2,1076,4761,15513,346065.93
29/7/2010,1862.956,7836,129.392,1235,3471,9033,346775.14
30/7/2010,1696.466,7107.8,149.866,1055,811,12113,349159.17
31/7/2010,1372.472,5712,133.948,0,4674,3679,350714.51
1/8/2010,1553.924,6573,138.73,1127,3111,5923,346145.17
2/8/2010,1538.838,6457.2,141.28,2420,672,9466,350248.79
3/8/2010,1440.092,6093,152.732,1103,338,9121,348464.76
4/8/2010,1596.982,6689.4,184.526,1077,3440,11362,348236.97
5/8/2010,1643.664,7172.6,168.918,946,4935,9433,337733.24
6/8/2010,1176.264,4978.8,190.956,1030,423,6649,347157.02
7/8/2010,1012.648,4280.8,135.008,0,374,7992,347289.86
8/8/2010,1644.004,6934.6,145.164,1053,332,13602,341994.09
9/8/2010,985.002,4294.6,172.334,985,699,3959,337649.48
10/8/2010,1882.484,7966,186.414,2379,2611,14593,344137.6
11/8/2010,1207.392,5225.6,218.93,2077,1641,6034,347066.73
12/8/2010,1012.082,4367.4,184.11,1821,488,6737,348956.71
13/8/2010,1358.206,5810.2,214.044,997,3047,10177,345470.6
14/8/2010,983.39,4274.8,202.81,2171,592,7149,345072.55
15/8/2010,1110.136,4901.4,256.638,1292,3619,5704,347963.05
16/8/2010,834.788,3667.2,209.536,879,760,5762,346546.73
17/8/2010,1483.58,6373.4,131.182,437,2168,9042,337757.59
18/8/2010,334.884,1613.8,214.94,0,526,2357,344609.75
19/8/2010,539.296,2442,221.29,0,668,4232,347555.23
20/8/2010,527.476,2330,168.026,0,520,3968,347508.07
21/8/2010,1336.496,5770.4,181.738,3632,551,9388,344205.65
22/8/2010,1372.656,5876.4,176.444,3612,1707,5976,346447.71
23/8/2010,1221.458,5241,201.492,2196,577,8299,348064.73
24/8/2010,1451.854,6202.2,167.962,1929,922,11829,347436.23
25/8/2010,2241.36,9434.4,207.568,0,467,17547,344990.81
26/8/2010,2043.55,8625.6,127.452,2197,3511,9793,346783.4
27/8/2010,1633.27,6797.8,124.374,2773,299,10075,353305.06
28/8/2010,1797.208,7418,159.78,0,994,12531,351942.93
29/8/2010,1095.242,4652.8,121.896,0,420,5082,344299.03
30/8/2010,1860.576,7821,152.41,1044,5126,11650,345670.58
31/8/2010,1577.166,6600.8,186.614,2091,619,11568,347140.48
1/9/2010,1510.456,6384.2,200.616,964,710,9927,347014.36
2/9/2010,1501.06,6386.4,134.698,1715,314,6500,346683.81
3/9/2010,1733.138,7350.8,133.168,1114,3271,6069,344603.56
4/9/2010,2508.002,10429.6,226.688,4941,2075,14871,350280.57
5/9/2010,1825.54,7737.4,145.656,1087,555,13038,342350.01
6/9/2010,2213.404,9371.6,154.34,1133,2354,12283,344966.3
7/9/2010,1868.636,7751.8,120.782,1117,296,13256,350973.53
8/9/2010,2006.884,8338,179.192,1108,350,15376,350972.75
9/9/2010,1801.414,7557.6,138.896,2226,366,10157,348188.12
10/9/2010,1950.564,8276,119.094,940,1921,9563,346223.69
11/9/2010,2182.866,9114.6,134.02,5341,259,15174,350430.58
12/9/2010,2582.238,10666.8,139.75,1161,431,19764,348475.36
13/9/2010,1572.132,6717.8,187.404,2180,3385,6655,346558.21
14/9/2010,2248.66,9487.2,237.08,6286,346,8435,347890.97
15/9/2010,2357.166,9909.8,194.186,7253,5260,12691,348710.1
16/9/2010,2557.098,10691.2,252.338,4214,7645,15971,351035.4
17/9/2010,1608.816,6796.6,135.882,0,485,3545,346102.82
18/9/2010,2657.516,11087.2,184.176,2752,10713,17519,348575.88
19/9/2010,1534.6,6520.2,161.35,2131,2827,7968,348854.01
20/9/2010,1649.22,6853,165.142,145,669,13322,348472.56
21/9/2010,1789.292,7713.2,181.612,4581,2011,8777,338264.98
22/9/2010,2116.698,8897,253.244,3667,702,12717,345385.86
23/9/2010,1857.156,7801.6,154.882,2226,848,15426,346787.73
24/9/2010,1533.422,6458.8,173.222,3569,2435,10158,348331.71
25/9/2010,2148.046,9285.4,229.732,2799,11440,11380,340124.32
26/9/2010,1542.322,6618.4,188.384,2536,3161,9732,345549.51
27/9/2010,1178.776,5100.6,129.36,1024,432,8551,345693.21
28/9/2010,1362.034,5808.6,198.334,1513,821,11374,347150.67
29/9/2010,1089.08,4736.6,196.92,1825,2831,5277,346088.01
30/9/2010,1126.214,4854.8,196.318,991,503,7592,345168.9
1/10/2010,1234.4,5315,221.196,0,3514,9308,347909.4
2/10/2010,1212.652,5226.4,246.894,857,1350,8459,346037.94
3/10/2010,1125.482,4868,119.096,1055,1111,9660,337697.82
4/10/2010,302.2,1448,196.448,0,481,1980,344817.42
5/10/2010,526.472,2390,214.068,0,646,4093,348087.02
6/10/2010,528.46,2337.8,168.092,0,526,3958,346657.63
7/10/2010,1469.752,6324.4,186.33,3339,1801,9164,345211.84
8/10/2010,1309.324,5548.8,160.574,747,2293,9559,347589.83
9/10/2010,1086.254,4643,200.204,1002,577,8533,347546.31
10/10/2010,1303.812,5575.8,171.182,1,495,7478,347016.97
11/10/2010,1869.054,7950.4,207.248,1688,4267,9790,346302.03
12/10/2010,1788.44,7534,125.336,1162,284,8963,347412.44
13/10/2010,1788.702,7462.2,115.572,1802,272,9285,352256.27
14/10/2010,2336.9,9696.2,199.4,2781,4855,14734,351172.42
15/10/2010,1687.858,7174.6,159.802,2034,2147,9290,343985.97
16/10/2010,1983.682,8369.8,181.9,1032,3064,11652,344556.61
17/10/2010,1351.862,5693.2,188.418,0,559,10718,346766.62
18/10/2010,1611.78,6827,254.02,959,1585,13132,345885.75
19/10/2010,2171.226,9168.8,113.242,0,4573,15375,343750.23
20/10/2010,2578.538,10974.2,210.946,6301,661,14348,343373.86
21/10/2010,1407.7,5903.4,177.962,1126,430,7640,350748.35
22/10/2010,2022.098,8619.8,154.67,2097,583,12500,342414.85
23/10/2010,2274.584,9650.2,200.936,4176,2428,8728,345477.71
24/10/2010,2003.144,8291,132.516,1985,2553,12886,350720.14
25/10/2010,1802.356,7559.8,187.594,2054,3355,7971,349066.54
26/10/2010,1620.198,6807.2,158.066,0,3045,9770,348106.24
27/10/2010,2102.276,8769.6,144.528,2050,2838,10293,348140.89
28/10/2010,1706.638,7150.4,134.608,1063,228,9375,350383.66
29/10/2010,2420.932,9965,139.712,1214,410,19769,350136.53
30/10/2010,1272.612,5373,119.238,1093,345,8631,346879.39
31/10/2010,1560.458,6611.2,135.574,2607,333,4155,346674.79
1/11/2010,1685.556,7062.4,136.04,2001,369,10336,349174.52
2/11/2010,1760.112,7316.2,168.078,846,397,10893,350679.6
3/11/2010,1000.92,4283.4,160.11,2667,514,3801,346392.7
4/11/2010,1218.852,5073,132.864,0,376,9003,348937.5
5/11/2010,1890.472,7869,176.936,2682,366,13482,348907.43
6/11/2010,1233.35,5141.6,162.482,1088,566,10595,349319.35
7/11/2010,1665.736,7280.8,183.484,3018,5631,9474,338218.16
8/11/2010,1747.272,7396,229.874,2229,423,11904,346278.56
9/11/2010,1261.352,5420.8,182.984,2090,382,6605,347866.89
10/11/2010,1566.51,6679.4,205.384,2888,2636,9945,347617.91
11/11/2010,1093.02,4704.2,230.736,852,599,6590,346642.76
12/11/2010,1325.698,5817.2,183.64,1967,2085,7921,344785.94
13/11/2010,1332.85,5699.2,154.396,1000,414,10695,346929.86
14/11/2010,1534.682,6544.4,182.534,2774,4269,8255,347308.9
15/11/2010,1180.158,5063.4,172.422,923,594,9386,346489.41
16/11/2010,919.318,3996.4,191.724,951,499,7352,346074.59
17/11/2010,846.252,3761,194.652,0,656,4783,349331.22
18/11/2010,1083.478,4785.4,314.074,0,625,5356,346741.21
19/11/2010,1071.68,4712.2,109.474,182,4515,6646,337268.72
20/11/2010,358.924,1670.8,199.99,0,489,1902,346623.06
21/11/2010,998.234,4402.4,284.326,1984,2380,5154,348551.16
22/11/2010,535.064,2359.4,171.492,0,515,4042,347139.74
23/11/2010,1679.502,7277.8,209.152,2184,4438,9233,344047.89
24/11/2010,1159.654,4988.8,180.67,236,453,7728,345285.6
25/11/2010,1521.344,6467.4,223.572,964,3832,10671,347484.25
